empresa,data,data_formatada,Open,High,Low,Close,Volume,retorno_diario,retorno_diario_2d,posi,ind_posi,neg,ind_neg,neu,ind_neu,indice
brf,2017-11-10,2017-11-10,43.75,43.75,40.599998,41.02,7369400.0,0.06443186015938887,-0.02591424103277462,118.0,0.3241758241758242,25.0,0.0686813186813186,221.0,0.6071428571428571,0.2554945054945055
brf,2022-02-25,2022-02-25,17.379999,17.5,16.57,16.709999,15965100.0,0.03931277953694906,-0.048444203259563806,126.0,0.2751091703056768,55.0,0.1200873362445414,277.0,0.6048034934497817,0.1550218340611353
brf,2016-04-29,2016-04-29,47.970001,50.849998,47.650002,49.200001,6567300.0,-0.025317807463130716,-0.011081603357822796,155.0,0.3063241106719367,72.0,0.1422924901185771,279.0,0.5513833992094862,0.1640316205533596
brf,2022-11-10,2022-11-10,11.81,11.83,10.81,11.0,19639700.0,0.07105135741090048,-0.05578451764738835,148.0,0.3936170212765957,32.0,0.0851063829787234,196.0,0.5212765957446809,0.3085106382978723
brf,2018-08-10,2018-08-10,21.09,21.17,20.1,20.440001,12222500.0,0.031305180231501785,-0.07806049696459594,92.0,0.2277227722772277,65.0,0.1608910891089109,247.0,0.6113861386138614,0.0668316831683168
brf,2014-08-01,2014-08-01,56.0,57.450001,55.740002,56.959999,2021900.0,-0.016997558812391192,0.03835405219485546,125.0,0.2729257641921397,59.0,0.1288209606986899,274.0,0.5982532751091703,0.1441048034934497
brf,2019-05-10,2019-05-10,30.49,30.49,29.389999,29.879999,9909500.0,0.020209434202749413,-0.024708883467941697,81.0,0.1519699812382739,105.0,0.1969981238273921,347.0,0.651031894934334,-0.0450281425891182
brf,2020-05-13,2020-05-13,20.52,22.85,20.4,22.85,26261600.0,-0.10755109703764495,0.1240361921452628,146.0,0.2796934865900383,83.0,0.1590038314176245,293.0,0.5613026819923371,0.1206896551724138
brf,2015-07-31,2015-07-31,69.150002,71.870003,69.150002,71.870003,5122600.0,-0.038580886188985836,0.03568510142843546,189.0,0.4364896073903002,33.0,0.0762124711316397,211.0,0.48729792147806,0.3602771362586605
brf,2018-11-08,2018-11-08,21.299999,22.049999,21.0,21.0,6992200.0,0.014184588043598498,-0.07805876571751574,104.0,0.2043222003929273,49.0,0.0962671905697446,356.0,0.6994106090373281,0.1080550098231827
brf,2018-02-23,2018-02-23,29.5,30.030001,28.1,28.4,29965600.0,0.03800111817861384,-0.07993511716291565,100.0,0.1848428835489833,65.0,0.1201478743068391,376.0,0.6950092421441775,0.0646950092421441
brf,2022-05-05,2022-05-05,12.4,13.36,11.77,12.77,30631200.0,-0.02940219743345666,-0.13039888510322117,87.0,0.2137592137592137,58.0,0.1425061425061425,262.0,0.6437346437346437,0.0712530712530712
brf,2017-05-12,2017-05-12,44.060001,45.509998,44.060001,45.240002,4833900.0,-0.026429331386063615,0.00022575330194070958,129.0,0.2866666666666667,59.0,0.1311111111111111,262.0,0.5822222222222222,0.1555555555555555
brf,2014-02-27,2014-02-27,40.400002,41.220001,40.209999,40.900002,1642500.0,-0.012300277476456727,0.0692092226185952,182.0,0.3847780126849894,48.0,0.1014799154334038,243.0,0.5137420718816068,0.2832980972515856
brf,2021-08-13,2021-08-13,23.59,24.219999,23.059999,23.77,7394800.0,-0.007601387952518841,-0.032315780387147136,125.0,0.3810975609756097,37.0,0.1128048780487804,166.0,0.5060975609756098,0.2682926829268293
brf,2020-11-10,2020-11-10,19.08,19.99,18.860001,19.6,26676400.0,-0.02688890021633129,0.04129760896533886,182.0,0.350674373795761,55.0,0.1059730250481695,282.0,0.5433526011560693,0.2447013487475915
brf,2017-08-11,2017-08-11,39.349998,41.330002,39.32,41.049999,7504600.0,-0.04229488750041132,0.08051596844905216,107.0,0.2547619047619047,43.0,0.1023809523809523,270.0,0.6428571428571429,0.1523809523809524
brf,2016-10-28,2016-10-28,52.150002,54.75,51.529999,54.09,4382000.0,-0.036525106085644035,0.017378638783498337,154.0,0.3043478260869565,75.0,0.1482213438735178,277.0,0.5474308300395256,0.1561264822134387
brf,2021-11-11,2021-11-11,23.01,23.74,22.02,22.9,11065200.0,0.0047919934870807,-0.010872035296677648,118.0,0.3430232558139535,22.0,0.063953488372093,204.0,0.5930232558139535,0.2790697674418604
brf,2015-10-30,2015-10-30,62.779999,62.779999,58.799999,60.099998,15123300.0,0.04362672722187645,-0.13911500342432645,256.0,0.2915717539863325,82.0,0.0933940774487471,540.0,0.6150341685649203,0.1981776765375854
brf,2016-07-29,2016-07-29,50.009998,54.419998,50.009998,54.299999,6004200.0,-0.08230126308487336,0.04279651446034023,148.0,0.3507109004739336,69.0,0.1635071090047393,205.0,0.485781990521327,0.1872037914691943
brf,2015-04-29,2015-04-29,63.5,65.360001,62.330002,65.120003,6607700.0,-0.025191861864433854,0.0749444733545881,118.0,0.3241758241758242,51.0,0.1401098901098901,195.0,0.5357142857142857,0.184065934065934
brf,2018-05-11,2018-05-11,24.200001,24.450001,23.219999,23.9,9633400.0,0.012474215547489046,0.027534100193319852,87.0,0.2436974789915966,41.0,0.1148459383753501,229.0,0.6414565826330533,0.1288515406162464
brf,2020-08-13,2020-08-13,22.200001,22.23,20.799999,20.93,38033200.0,0.05890879746536947,-0.0922312199597185,153.0,0.281767955801105,70.0,0.1289134438305709,320.0,0.5893186003683242,0.152854511970534
brf,2014-10-31,2014-10-31,62.060001,64.559998,62.060001,64.489998,3690000.0,-0.038408466876052864,0.04452272653713234,142.0,0.2762645914396887,48.0,0.0933852140077821,324.0,0.6303501945525292,0.1828793774319066
brf,2019-08-09,2019-08-09,39.200001,39.599998,38.049999,38.16,15901100.0,0.026888925726534937,0.06166064883171361,150.0,0.3006012024048096,44.0,0.0881763527054108,305.0,0.6112224448897795,0.2124248496993988
brf,2019-02-28,2019-02-28,21.75,22.200001,20.309999,20.57,19584700.0,0.05578005386982723,-0.05129329438755058,106.0,0.2260127931769723,61.0,0.1300639658848614,302.0,0.6439232409381663,0.0959488272921108
brf,2017-02-24,2017-02-24,39.360001,41.200001,38.91,40.619999,4055200.0,-0.03151043394326735,-0.014888563232665734,107.0,0.2157258064516129,60.0,0.1209677419354838,329.0,0.6633064516129032,0.094758064516129
brf,2016-02-26,2016-02-26,51.900002,51.959999,49.18,50.0,5666200.0,0.03729582327934164,-0.052304417232394956,186.0,0.4105960264900662,32.0,0.0706401766004415,235.0,0.5187637969094923,0.3399558498896247
brf,2019-11-08,2019-11-08,35.599998,35.880001,34.150002,34.450001,12557500.0,0.03283655519096454,-0.036532479784573475,143.0,0.2657992565055762,65.0,0.120817843866171,330.0,0.6133828996282528,0.1449814126394052
brf,2021-02-26,2021-02-26,23.639999,23.75,21.639999,21.639999,19461300.0,0.08839674246915337,-0.07114101102383694,128.0,0.3368421052631579,43.0,0.1131578947368421,209.0,0.55,0.2236842105263158
bradesco,2022-02-09,2022-02-09,19.463636,19.781818,18.81818,18.881819,226386930.0,0.030348402698984363,-0.07539536776023308,171.0,0.4052132701421801,49.0,0.1161137440758293,202.0,0.4786729857819905,0.2890995260663507
bradesco,2016-07-29,2016-07-29,14.203575,14.746881,14.177703,14.67444,23099544.0,-0.032613511365534545,0.03220314321662372,109.0,0.2275574112734864,95.0,0.1983298538622129,275.0,0.5741127348643006,0.0292275574112734
bradesco,2022-11-09,2022-11-09,17.200001,17.25,15.25,15.35,499194800.0,0.11379396792573453,-0.22072452043427884,107.0,0.3147058823529411,53.0,0.1558823529411764,180.0,0.5294117647058824,0.1588235294117647
bradesco,2018-07-26,2018-07-26,19.878536,19.878536,18.889305,19.133484,33913986.0,0.03820066747476044,-0.014777012072984303,134.0,0.3221153846153846,48.0,0.1153846153846153,234.0,0.5625,0.2067307692307692
bradesco,2019-04-25,2019-04-25,26.89707,27.099924,26.025543,27.099924,41204964.0,-0.007513564711395196,0.00865811520551233,134.0,0.3976261127596439,27.0,0.0801186943620178,176.0,0.5222551928783383,0.3175074183976261
bradesco,2020-04-30,2020-04-30,15.743801,16.190083,15.743801,15.826446,85093250.0,-0.005235637769192906,-0.12032998763471313,80.0,0.184331797235023,100.0,0.2304147465437788,254.0,0.5852534562211982,-0.0460829493087557
bradesco,2015-07-31,2015-07-31,12.742998,12.964084,12.710071,12.926452,15595618.0,-0.014293810229094976,-0.022177191946079994,136.0,0.3852691218130311,46.0,0.1303116147308781,171.0,0.4844192634560906,0.254957507082153
bradesco,2018-11-01,2018-11-01,22.044828,22.702229,21.875782,22.702229,64765661.0,-0.029385096942520054,0.07631299158944627,99.0,0.38671875,35.0,0.13671875,122.0,0.4765625,0.25
bradesco,2018-02-01,2018-02-01,23.000479,23.051704,22.459759,22.579287,42657314.0,0.018482060192756798,-0.058877708616967464,118.0,0.2850241545893719,57.0,0.1376811594202898,239.0,0.5772946859903382,0.1473429951690821
bradesco,2022-08-05,2022-08-05,18.1,18.67,17.780001,18.5,70278300.0,-0.02185879381249896,0.015201052748145266,123.0,0.277027027027027,67.0,0.1509009009009009,254.0,0.5720720720720721,0.1261261261261261
bradesco,2022-05-06,2022-05-06,17.950001,18.549999,17.65,18.1,73889800.0,-0.008321767627187357,0.035460833577497665,181.0,0.401330376940133,52.0,0.1152993348115299,218.0,0.483370288248337,0.2860310421286031
bradesco,2021-05-05,2021-05-05,21.799999,21.836363,21.036364,21.672728,69076920.0,0.005855227973612119,0.006700259852829207,106.0,0.3354430379746835,48.0,0.1518987341772152,162.0,0.5126582278481012,0.1835443037974683
bradesco,2021-08-04,2021-08-04,21.763636,21.80909,21.31818,21.40909,108007020.0,0.016424905421808418,-0.05533688004158228,119.0,0.3115183246073298,78.0,0.2041884816753926,185.0,0.4842931937172774,0.1073298429319371
bradesco,2020-10-29,2020-10-29,17.190083,17.272726,16.504131,17.181818,118969499.0,0.00048091609243818223,-0.04082188408374763,120.0,0.2714932126696832,93.0,0.2104072398190045,229.0,0.5180995475113123,0.0610859728506787
bradesco,2017-07-28,2017-07-28,16.813515,16.967192,16.762287,16.933041,9378438.0,-0.007083774700809031,0.016026973620739928,119.0,0.2989949748743719,63.0,0.1582914572864321,216.0,0.542713567839196,0.1407035175879397
bradesco,2021-11-05,2021-11-05,18.090908,18.545454,17.827272,18.172728,118130540.0,-0.004512517103380518,0.024884722701120826,157.0,0.3895781637717121,52.0,0.1290322580645161,194.0,0.4813895781637717,0.260545905707196
bradesco,2016-04-29,2016-04-29,13.68614,13.732709,13.246321,13.401551,27196682.0,0.02101319538208179,-0.03216704052524697,114.0,0.2375,71.0,0.1479166666666666,295.0,0.6145833333333334,0.0895833333333333
bradesco,2015-04-30,2015-04-30,14.831552,15.142013,14.798624,15.137309,19668578.0,-0.020405687723184702,0.025365387847245405,182.0,0.3333333333333333,80.0,0.1465201465201465,284.0,0.5201465201465202,0.1868131868131868
bradesco,2018-04-26,2018-04-26,21.925871,22.044828,21.424994,21.744303,34209628.0,0.008315471618685772,0.010882061612233809,116.0,0.3333333333333333,50.0,0.1436781609195402,182.0,0.5229885057471264,0.1896551724137931
bradesco,2020-07-30,2020-07-30,19.809917,20.024794,19.165289,19.347107,79453077.0,0.023639771644280463,-0.07798376364992164,102.0,0.2281879194630872,79.0,0.1767337807606264,266.0,0.5950782997762863,0.0514541387024608
bradesco,2020-02-05,2020-02-05,25.559729,25.995493,25.311794,25.349361,52370324.0,0.008264504330318638,0.007524542126937668,206.0,0.2417840375586854,107.0,0.1255868544600939,539.0,0.6326291079812206,0.1161971830985915
bradesco,2019-07-25,2019-07-25,28.324568,28.534937,27.535686,27.573254,71658244.0,0.0268833103413374,-0.07290456196281925,137.0,0.3459595959595959,46.0,0.1161616161616161,213.0,0.5378787878787878,0.2297979797979798
bradesco,2019-01-31,2019-01-31,27.892561,28.762835,27.679689,28.33709,50802779.0,-0.015811524817828413,0.04250129447390431,117.0,0.4163701067615658,29.0,0.1032028469750889,135.0,0.4804270462633452,0.3131672597864768
bradesco,2016-01-29,2016-01-29,8.227207,8.537668,8.166056,8.537668,45583398.0,-0.0370413136696339,0.06776609305584541,184.0,0.3538461538461538,74.0,0.1423076923076923,262.0,0.5038461538461538,0.2115384615384615
bradesco,2019-10-31,2019-10-31,26.664162,26.889557,26.228399,26.42374,51040389.0,0.00905756809427539,-0.050332098308183394,130.0,0.2584493041749503,65.0,0.1292246520874751,308.0,0.6123260437375746,0.1292246520874751
bradesco,2020-02-04,2020-02-04,25.356874,25.364388,24.823441,24.868519,27380134.0,0.019447150603106447,0.019150816234956975,163.0,0.3024118738404452,74.0,0.137291280148423,302.0,0.5602968460111317,0.1651205936920222
natura,2022-11-10,2022-11-10,12.48,13.12,11.82,13.02,31292600.0,-0.04235927383914151,-0.019985292380256838,112.0,0.4274809160305343,34.0,0.1297709923664122,116.0,0.4427480916030534,0.2977099236641221
natura,2022-08-12,2022-08-12,14.69,15.81,13.67,14.28,56366300.0,0.028307033274347727,-0.06015392281974703,123.0,0.3342391304347826,46.0,0.125,199.0,0.5407608695652174,0.2092391304347826
natura,2022-05-06,2022-05-06,16.65,17.030001,16.32,16.379999,18208400.0,0.016349199051592274,-0.11865754380131599,119.0,0.3510324483775811,56.0,0.1651917404129793,164.0,0.4837758112094395,0.1858407079646017
magazine_luiza,2016-05-06,2016-05-06,0.128906,0.141484,0.128906,0.132812,112563200.0,-0.02985113783253246,0.20687219252281044,129.0,0.4018691588785046,37.0,0.1152647975077881,155.0,0.4828660436137071,0.2866043613707165
magazine_luiza,2022-11-11,2022-11-11,4.11,4.15,3.38,3.46,389272300.0,0.1721544394385104,-0.09480779345866659,278.0,0.4224924012158054,57.0,0.0866261398176291,323.0,0.4908814589665654,0.3358662613981762
magazine_luiza,2013-05-14,2013-05-14,0.2425,0.256875,0.240312,0.251875,22624000.0,-0.037931222323409675,0.07064741828657417,125.0,0.352112676056338,30.0,0.0845070422535211,200.0,0.5633802816901409,0.2676056338028169
magazine_luiza,2012-11-13,2012-11-13,0.33125,0.34,0.322187,0.334375,24406400.0,-0.009389740349839032,-0.0157907717989545,100.0,0.4219409282700422,22.0,0.0928270042194092,115.0,0.4852320675105485,0.3291139240506329
magazine_luiza,2012-05-15,2012-05-15,0.353125,0.353125,0.313125,0.320312,46156800.0,0.09752658111070596,-0.10633721079286071,99.0,0.339041095890411,46.0,0.1575342465753424,147.0,0.5034246575342466,0.1815068493150685
magazine_luiza,2014-08-01,2014-08-01,0.279687,0.282187,0.270625,0.276875,49865600.0,0.010104979958679434,-0.013498541965971975,114.0,0.3551401869158878,47.0,0.146417445482866,160.0,0.4984423676012461,0.2087227414330218
magazine_luiza,2015-07-31,2015-07-31,0.09125,0.1125,0.09125,0.112187,124931200.0,-0.20656412938555294,0.19801288658863014,110.0,0.3064066852367688,53.0,0.1476323119777158,196.0,0.5459610027855153,0.1587743732590529
magazine_luiza,2012-08-14,2012-08-14,0.337812,0.349687,0.338125,0.34875,31401600.0,-0.031865805414151634,0.045609055382020626,137.0,0.3503836317135549,45.0,0.1150895140664961,209.0,0.5345268542199488,0.2352941176470588
magazine_luiza,2022-08-17,2022-08-17,4.03,4.29,3.99,4.02,237516800.0,0.002484473327662187,-0.02934195828401532,195.0,0.4276315789473684,22.0,0.0482456140350877,239.0,0.5241228070175439,0.3793859649122807
magazine_luiza,2022-05-17,2022-05-17,4.18,4.19,3.93,3.94,269641700.0,0.05913052322682246,-0.1633250561032995,139.0,0.4040697674418604,17.0,0.0494186046511627,188.0,0.5465116279069767,0.3546511627906977
magazine_luiza,2013-08-07,2013-08-07,0.164375,0.216562,0.164375,0.199375,314633600.0,-0.19303707060708006,0.23319455949289075,172.0,0.4028103044496487,40.0,0.0936768149882904,215.0,0.5035128805620609,0.3091334894613583
magazine_luiza,2021-05-14,2021-05-14,19.6,19.74,18.969999,19.15,27030400.0,0.02322685060981677,-0.014214400950665465,165.0,0.3340080971659919,19.0,0.0384615384615384,310.0,0.6275303643724697,0.2955465587044534
magazine_luiza,2017-05-05,2017-05-05,0.996093,1.066406,0.984375,1.011718,68300800.0,-0.015564528169555369,0.14720413047340822,210.0,0.440251572327044,24.0,0.050314465408805,243.0,0.5094339622641509,0.389937106918239
magazine_luiza,2015-02-27,2015-02-27,0.20625,0.206875,0.1875,0.189062,61369600.0,0.08701402162122583,-0.07903004935915017,91.0,0.4080717488789238,26.0,0.116591928251121,106.0,0.4753363228699551,0.2914798206278027
magazine_luiza,2021-08-13,2021-08-13,21.1,21.17,19.879999,20.27,44193200.0,0.04013108001811226,-0.07678933436347636,137.0,0.4840989399293286,9.0,0.0318021201413427,137.0,0.4840989399293286,0.4522968197879858
magazine_luiza,2014-05-08,2014-05-08,0.261875,0.27625,0.254687,0.267187,101993600.0,-0.020081497107896928,0.08829260714567821,153.0,0.3722627737226277,40.0,0.097323600973236,218.0,0.5304136253041363,0.2749391727493917
magazine_luiza,2020-11-10,2020-11-10,26.01,27.120001,25.18,25.219999,79060600.0,0.03084378857485811,-0.03344539996079454,232.0,0.3735909822866344,37.0,0.0595813204508856,352.0,0.5668276972624798,0.3140096618357488
magazine_luiza,2016-10-31,2016-10-31,0.371093,0.378125,0.349218,0.361171,75212800.0,0.02710117465798461,0.05708205972128132,137.0,0.4462540716612377,19.0,0.0618892508143322,151.0,0.4918566775244299,0.3843648208469055
magazine_luiza,2015-11-11,2015-11-11,0.041171,0.041992,0.040195,0.04125,79257600.0,-0.0019169877626505326,-0.019225444148333205,153.0,0.3469387755102041,51.0,0.1156462585034013,237.0,0.5374149659863946,0.2312925170068027
magazine_luiza,2016-08-04,2016-08-04,0.179687,0.195703,0.179062,0.195312,185139200.0,-0.08338183154834135,0.1770541194530821,132.0,0.358695652173913,46.0,0.125,190.0,0.5163043478260869,0.233695652173913
magazine_luiza,2015-05-08,2015-05-08,0.1725,0.1725,0.155312,0.156875,71196800.0,0.09494792658536604,-0.09549263778193175,75.0,0.3571428571428571,29.0,0.1380952380952381,106.0,0.5047619047619047,0.219047619047619
magazine_luiza,2014-10-31,2014-10-31,0.259375,0.26875,0.257812,0.257812,46473600.0,0.00604425385178284,0.08616809628713205,126.0,0.3727810650887574,40.0,0.1183431952662721,172.0,0.5088757396449705,0.2544378698224852
magazine_luiza,2017-02-20,2017-02-20,0.667968,0.691406,0.65082,0.6875,28211200.0,-0.02882156134313979,0.15776817841110302,157.0,0.3729216152019002,41.0,0.0973871733966745,223.0,0.5296912114014252,0.2755344418052256
magazine_luiza,2014-02-24,2014-02-24,0.235625,0.2375,0.2275,0.230312,62384000.0,0.022806646784341075,-0.050937977032526845,139.0,0.3381995133819951,34.0,0.0827250608272506,238.0,0.5790754257907542,0.2554744525547445
santander,2023-02-02,2023-02-02,27.0,28.52,26.620001,27.48,5995900.0,-0.01762160134981956,-0.019368374857124927,166.0,0.4356955380577428,27.0,0.0708661417322834,188.0,0.4934383202099737,0.3648293963254593
gol,2022-10-31,2022-10-31,8.55,9.67,8.51,9.61,19472100.0,-0.1168729400335321,0.11437974252467564,102.0,0.3388704318936877,21.0,0.0697674418604651,178.0,0.5913621262458472,0.2691029900332226
ccr,2017-10-27,2017-10-27,18.440001,18.889999,18.360001,18.549999,5812200.0,-0.00594746278670573,-0.009922959313345319,44.0,0.2303664921465968,27.0,0.1413612565445026,120.0,0.6282722513089005,0.0890052356020942
ccr,2022-02-25,2022-02-25,12.38,12.38,11.63,11.76,16983900.0,0.05137832478596918,-0.06577484779275071,121.0,0.328804347826087,27.0,0.0733695652173913,220.0,0.5978260869565217,0.2554347826086957
ccr,2016-05-11,2016-05-11,16.5,16.59,16.32,16.559999,5476300.0,-0.0036297076641035745,0.04291979247296337,56.0,0.199288256227758,43.0,0.1530249110320284,182.0,0.6476868327402135,0.0462633451957295
ccr,2022-11-11,2022-11-11,11.5,11.5,10.92,11.4,11305800.0,0.008733679968754631,0.021090412657660075,61.0,0.3177083333333333,10.0,0.0520833333333333,121.0,0.6302083333333334,0.265625
ccr,2013-05-15,2013-05-15,20.18,20.5,20.16,20.5,2429300.0,-0.01573287121889961,0.004955461205054031,29.0,0.2543859649122807,9.0,0.0789473684210526,76.0,0.6666666666666666,0.175438596491228
ccr,2012-11-13,2012-11-13,18.309999,18.559999,18.200001,18.5,2873800.0,-0.010323428012825745,0.013532006218576373,33.0,0.2408759124087591,16.0,0.1167883211678832,88.0,0.6423357664233577,0.1240875912408759
ccr,2018-08-15,2018-08-15,10.18,10.33,10.07,10.15,10354000.0,0.0029513056345803197,-0.04830904797059184,33.0,0.2129032258064516,26.0,0.1677419354838709,96.0,0.6193548387096774,0.0451612903225806
ccr,2012-05-16,2012-05-16,15.5,15.58,15.12,15.3,3370900.0,0.012987195526811112,0.022662025180998784,48.0,0.1568627450980392,37.0,0.1209150326797385,221.0,0.7222222222222222,0.0359477124183006
ccr,2014-08-12,2014-08-12,17.59,18.200001,17.51,18.139999,6411100.0,-0.030788830810730618,0.00794116481759611,24.0,0.1454545454545454,31.0,0.1878787878787878,110.0,0.6666666666666666,-0.0424242424242424
ccr,2019-04-30,2019-04-30,11.59,11.9,11.56,11.69,10396600.0,-0.008591118132316675,0.0239532410224928,52.0,0.1857142857142857,33.0,0.1178571428571428,195.0,0.6964285714285714,0.0678571428571428
ccr,2020-05-15,2020-05-15,11.4,11.61,10.97,10.97,9717200.0,0.038449081113310905,0.031775966703701926,55.0,0.2022058823529411,32.0,0.1176470588235294,185.0,0.6801470588235294,0.0845588235294117
ccr,2015-08-11,2015-08-11,14.19,14.71,14.15,14.7,4100000.0,-0.0353100026127393,0.009030974890538092,39.0,0.168103448275862,24.0,0.1034482758620689,169.0,0.728448275862069,0.0646551724137931
ccr,2018-10-26,2018-10-26,10.17,10.51,9.94,10.15,15667300.0,0.0019685045726721534,0.013579258126380854,45.0,0.2,32.0,0.1422222222222222,148.0,0.6577777777777778,0.0577777777777777
ccr,2018-02-23,2018-02-23,15.0,15.0,13.79,14.73,23307600.0,0.01816397062767112,-0.16934489456817467,32.0,0.2807017543859649,16.0,0.1403508771929824,66.0,0.5789473684210527,0.1403508771929824
ccr,2012-08-14,2012-08-14,18.950001,19.24,19.059999,19.120001,3706300.0,-0.008930975625626503,-0.018192101009546078,69.0,0.1662650602409638,48.0,0.1156626506024096,298.0,0.7180722891566265,0.0506024096385542
ccr,2022-08-12,2022-08-12,14.05,14.75,13.89,14.69,10934900.0,-0.04454459440603108,0.057198787701915804,54.0,0.2432432432432432,14.0,0.063063063063063,154.0,0.6936936936936937,0.1801801801801801
ccr,2022-05-13,2022-05-13,12.37,12.68,12.26,12.46,12364700.0,-0.007249326954910667,0.0296614931380867,51.0,0.301775147928994,20.0,0.1183431952662721,98.0,0.5798816568047337,0.1834319526627219
ccr,2013-08-13,2013-08-13,17.459999,17.809999,17.280001,17.690001,8472700.0,-0.013087071563118816,0.0023040909474493086,25.0,0.2840909090909091,7.0,0.0795454545454545,56.0,0.6363636363636364,0.2045454545454545
ccr,2013-10-29,2013-10-29,18.84,18.959999,18.370001,18.629999,4357800.0,0.011209138211586438,-0.004811556997222082,29.0,0.2230769230769231,16.0,0.123076923076923,85.0,0.6538461538461539,0.1
ccr,2021-05-14,2021-05-14,13.45,13.57,13.23,13.38,4952000.0,0.005218051347765552,0.013453117697118676,82.0,0.3241106719367589,27.0,0.1067193675889328,144.0,0.5691699604743083,0.217391304347826
ccr,2017-05-12,2017-05-12,18.35,18.540001,18.16,18.540001,5895700.0,-0.010301039574560902,0.04576841845558081,25.0,0.2688172043010752,11.0,0.1182795698924731,57.0,0.6129032258064516,0.1505376344086021
ccr,2021-08-13,2021-08-13,11.86,12.17,11.69,11.87,10563800.0,-0.0008428150519972754,-0.0016820861829848262,78.0,0.2954545454545454,20.0,0.0757575757575757,166.0,0.6287878787878788,0.2196969696969697
ccr,2014-05-13,2014-05-13,18.200001,18.280001,18.0,18.02,5465000.0,0.00993939684761139,-0.0066519092283058535,37.0,0.2700729927007299,22.0,0.1605839416058394,78.0,0.5693430656934306,0.1094890510948905
ccr,2017-08-15,2017-08-15,17.139999,17.139999,16.73,16.790001,7815800.0,0.020631324177865566,0.016480597160539862,43.0,0.270440251572327,20.0,0.1257861635220125,96.0,0.6037735849056604,0.1446540880503144
ccr,2016-11-04,2016-11-04,16.450001,17.049999,16.309999,16.65,4753100.0,-0.012084678424800089,0.05945912051899949,36.0,0.173076923076923,41.0,0.1971153846153846,131.0,0.6298076923076923,-0.0240384615384615
ccr,2021-11-12,2021-11-12,12.04,12.13,11.64,11.81,8649600.0,0.01928780967140386,0.00168208618298488,93.0,0.372,15.0,0.06,142.0,0.568,0.312
ccr,2015-10-28,2015-10-28,12.28,12.59,12.04,12.34,343200.0,-0.004874095758245407,-0.03642786880879253,33.0,0.1549295774647887,25.0,0.1173708920187793,155.0,0.7276995305164319,0.0375586854460093
ccr,2016-08-12,2016-08-12,17.950001,17.950001,17.42,17.620001,5491800.0,0.01855549338287191,-0.027028672387919374,45.0,0.2093023255813953,34.0,0.1581395348837209,136.0,0.6325581395348837,0.0511627906976744
ccr,2015-05-15,2015-05-15,15.5,15.83,15.28,15.51,5222500.0,-0.000644953263246458,-0.024344571897737706,32.0,0.1675392670157068,29.0,0.1518324607329843,130.0,0.680628272251309,0.0157068062827225
ccr,2018-05-11,2018-05-11,12.05,12.54,12.0,12.11,10852200.0,-0.0049668976283368,0.017435061822101566,41.0,0.277027027027027,12.0,0.081081081081081,95.0,0.6418918918918919,0.1959459459459459
ccr,2020-08-14,2020-08-14,13.69,13.74,13.28,13.5,6733600.0,0.013975953855973808,-0.04648513049421505,55.0,0.2455357142857142,25.0,0.1116071428571428,144.0,0.6428571428571429,0.1339285714285714
ccr,2014-10-29,2014-10-29,17.34,17.780001,16.85,17.18,6079500.0,0.00927005479628651,0.02538928971512442,35.0,0.1794871794871795,24.0,0.123076923076923,136.0,0.6974358974358974,0.0564102564102564
ccr,2019-08-09,2019-08-09,15.24,15.58,15.17,15.45,7961500.0,-0.013685453085254203,-0.022443186223371762,54.0,0.2037735849056604,22.0,0.0830188679245283,189.0,0.7132075471698113,0.120754716981132
ccr,2016-02-26,2016-02-26,12.3,12.67,12.15,12.32,4835800.0,-0.001624695727001922,0.007949167454422878,56.0,0.1812297734627831,45.0,0.145631067961165,208.0,0.6731391585760518,0.0355987055016181
ccr,2019-11-29,2019-11-29,17.639999,17.67,17.07,17.190001,3840000.0,0.025841116321188497,-0.0242926925690447,62.0,0.1993569131832797,17.0,0.0546623794212218,232.0,0.7459807073954984,0.1446945337620578
mrv_engenharia,2017-11-08,2017-11-08,11.818321,11.909231,11.509226,11.818321,5096349.0,0.0,0.011696018696408343,81.0,0.1816143497757847,44.0,0.0986547085201793,321.0,0.7197309417040358,0.0829596412556053
mrv_engenharia,2013-05-14,2013-05-14,7.136447,7.181903,6.790989,6.790989,13481770.0,0.04961844711098335,-0.18826507284865898,84.0,0.1971830985915492,52.0,0.1220657276995305,290.0,0.6807511737089202,0.0751173708920187
mrv_engenharia,2012-11-09,2012-11-09,9.527385,10.000118,9.500112,9.681932,5671642.0,-0.016091184780272754,-0.01820842443378997,122.0,0.2378167641325536,69.0,0.1345029239766081,322.0,0.6276803118908382,0.1033138401559454
mrv_engenharia,2012-05-15,2012-05-15,9.400111,9.57284,8.481918,8.572828,22735741.0,0.09212383120997447,-0.16304904572141687,100.0,0.1801801801801801,85.0,0.1531531531531531,370.0,0.6666666666666666,0.027027027027027
mrv_engenharia,2014-08-15,2014-08-15,6.845535,7.118265,6.836444,7.109174,3391149.0,-0.037789447737671324,0.0852975710349672,86.0,0.3257575757575757,29.0,0.1098484848484848,149.0,0.5643939393939394,0.2159090909090909
mrv_engenharia,2019-05-09,2019-05-09,15.02,15.88,15.02,15.6,8522200.0,-0.03788826791950266,0.0432570715185861,79.0,0.1960297766749379,35.0,0.086848635235732,289.0,0.71712158808933,0.1091811414392059
mrv_engenharia,2020-05-20,2020-05-20,15.28,15.37,15.0,15.07,8417800.0,0.013838771099970275,0.009865255938109751,122.0,0.2346153846153846,56.0,0.1076923076923077,342.0,0.6576923076923077,0.1269230769230769
mrv_engenharia,2015-08-17,2015-08-17,6.35462,6.672806,6.318256,6.390984,8646557.0,-0.005706139727500268,-0.011782147701815593,96.0,0.2376237623762376,35.0,0.0866336633663366,273.0,0.6757425742574258,0.1509900990099009
mrv_engenharia,2018-11-08,2018-11-08,11.372861,11.372861,10.481942,10.845582,10866991.0,0.047472095076039965,-0.0344862056645797,57.0,0.1945392491467577,27.0,0.0921501706484641,209.0,0.7133105802047781,0.1023890784982935
mrv_engenharia,2012-08-14,2012-08-14,10.136483,10.572852,10.163756,10.272848,6580672.0,-0.013363204240080362,0.004430659642761124,82.0,0.271523178807947,28.0,0.0927152317880794,192.0,0.6357615894039735,0.1788079470198675
mrv_engenharia,2013-08-15,2013-08-15,6.61826,7.236449,6.609169,7.118265,9509607.0,-0.07283152043255511,0.0699030820725005,110.0,0.2007299270072992,81.0,0.1478102189781022,357.0,0.6514598540145985,0.052919708029197
mrv_engenharia,2013-11-12,2013-11-12,8.181914,8.354644,7.809183,7.936457,6815739.0,0.030459154564367687,0.008938591620389921,114.0,0.2118959107806691,71.0,0.1319702602230483,353.0,0.6561338289962825,0.0799256505576208
mrv_engenharia,2017-05-15,2017-05-15,13.77289,13.981983,13.627433,13.818345,3522818.0,-0.0032948899259312315,-0.020257239975579832,51.0,0.1783216783216783,27.0,0.0944055944055944,208.0,0.7272727272727273,0.0839160839160839
mrv_engenharia,2010-05-07,2010-05-07,10.10921,10.181938,9.527385,9.66375,4958961.0,0.045065117871712926,0.0756071354147435,120.0,0.255863539445629,56.0,0.1194029850746268,293.0,0.6247334754797441,0.1364605543710021
mrv_engenharia,2014-05-15,2014-05-15,6.290983,6.418257,6.163709,6.118254,15892062.0,0.0278405766086739,-0.06302457091048329,90.0,0.2647058823529412,60.0,0.1764705882352941,190.0,0.5588235294117647,0.088235294117647
mrv_engenharia,2020-11-12,2020-11-12,19.51,19.559999,18.6,18.620001,7190600.0,0.046690829080407656,0.02387713067811654,133.0,0.2866379310344827,28.0,0.0603448275862069,303.0,0.6530172413793104,0.2262931034482758
mrv_engenharia,2011-08-10,2011-08-10,9.454657,10.618307,9.454657,10.027391,7918476.0,-0.05881302414545728,0.0765498756837698,121.0,0.2216117216117216,63.0,0.1153846153846153,362.0,0.663003663003663,0.1062271062271062
mrv_engenharia,2017-08-10,2017-08-10,12.872879,12.918334,12.500147,12.572875,2075785.0,0.02358097949240276,-0.009242850455147798,84.0,0.2079207920792079,46.0,0.1138613861386138,274.0,0.6782178217821783,0.094059405940594
mrv_engenharia,2010-08-10,2010-08-10,13.800163,14.04562,13.363794,13.372885,4620385.0,0.03145125425065648,-0.053554021677749315,136.0,0.2381786339754816,88.0,0.1541155866900175,347.0,0.6077057793345009,0.0840630472854641
mrv_engenharia,2011-05-13,2011-05-13,13.372885,13.909255,13.372885,13.709252,8071484.0,-0.024841783932627447,0.027564721497623772,77.0,0.2452229299363057,33.0,0.1050955414012738,204.0,0.6496815286624203,0.1401273885350318
mrv_engenharia,2011-11-16,2011-11-16,10.000118,10.218302,9.818297,10.100119,5721142.0,-0.009950313031595897,-0.05252244283771569,97.0,0.3255033557046979,38.0,0.1275167785234899,163.0,0.5469798657718121,0.197986577181208
mrv_engenharia,2015-05-13,2015-05-13,7.363723,7.372814,6.909172,6.945536,3643156.0,0.05846649618292896,-0.011575672305058467,65.0,0.2166666666666666,42.0,0.14,193.0,0.6433333333333333,0.0766666666666666
mrv_engenharia,2018-05-08,2018-05-08,13.427431,13.500159,12.945607,13.363794,2557359.0,0.004750594247236636,0.02239655261450637,64.0,0.1715817694369973,15.0,0.0402144772117962,294.0,0.7882037533512064,0.131367292225201
mrv_engenharia,2020-08-13,2020-08-13,17.85,18.48,17.799999,17.9,5123300.0,-0.002797204621061031,0.030515489281140108,127.0,0.2534930139720558,43.0,0.0858283433133732,331.0,0.6606786427145709,0.1676646706586826
mrv_engenharia,2014-11-13,2014-11-13,7.209176,7.272813,6.80008,6.845535,2371241.0,0.05175804412500277,-0.04828065663168637,93.0,0.3309608540925267,33.0,0.1174377224199288,155.0,0.5516014234875445,0.2135231316725978
mrv_engenharia,2019-08-09,2019-08-09,22.360001,22.360001,21.07,21.25,9996100.0,0.05091679763919078,-0.07139348549220843,77.0,0.2058823529411764,26.0,0.0695187165775401,271.0,0.7245989304812834,0.1363636363636363
mrv_engenharia,2010-11-11,2010-11-11,14.381988,15.036541,14.372897,15.000177,8201173.0,-0.042085410728940204,0.028710124689072993,172.0,0.2819672131147541,80.0,0.1311475409836065,358.0,0.5868852459016394,0.1508196721311475
mrv_engenharia,2019-11-13,2019-11-13,17.5,17.889999,17.190001,17.6,5897500.0,-0.005698021114637779,-0.04273167187729708,86.0,0.2299465240641711,28.0,0.0748663101604278,260.0,0.6951871657754011,0.1550802139037433
itau,2017-10-31,2017-10-31,29.033333,29.033333,27.879999,28.033333,25162350.0,0.03505031728910483,-0.04216637233315219,58.0,0.3052631578947368,30.0,0.1578947368421052,102.0,0.5368421052631579,0.1473684210526315
itau,2013-05-02,2013-05-02,15.263074,15.536279,15.058169,15.135578,20976087.0,0.008388315876079034,0.0011876687306428874,127.0,0.315136476426799,58.0,0.1439205955334987,218.0,0.5409429280397022,0.1712158808933002
itau,2012-10-24,2012-10-24,12.968148,13.528219,12.968148,13.469025,33777226.0,-0.03789640765253966,0.054104271820818846,83.0,0.3051470588235294,50.0,0.1838235294117647,139.0,0.5110294117647058,0.1213235294117647
itau,2018-07-31,2018-07-31,30.526667,30.713333,29.933332,30.0,35539350.0,0.017403247818099012,-0.030698486646173043,108.0,0.3385579937304075,28.0,0.0877742946708464,183.0,0.5736677115987461,0.2507836990595611
itau,2014-08-06,2014-08-06,19.779613,20.055096,19.564737,19.724518,16305778.0,0.002789330347329655,-0.013159919155504374,109.0,0.3879003558718861,18.0,0.0640569395017793,154.0,0.5480427046263345,0.3238434163701068
itau,2019-05-03,2019-05-03,34.200001,34.279999,33.639999,33.709999,31030200.0,0.01443117372714409,-0.031938245668133185,29.0,0.3866666666666666,10.0,0.1333333333333333,36.0,0.48,0.2533333333333333
itau,2015-08-05,2015-08-05,17.878786,18.042423,17.581818,17.666666,20277015.0,0.01193528320037141,-0.0054944234272249915,92.0,0.3205574912891986,42.0,0.1463414634146341,153.0,0.5331010452961672,0.1742160278745644
itau,2018-02-06,2018-02-06,33.32,34.84,33.306667,34.553333,88727100.0,-0.0363461971478862,0.011328780550155465,51.0,0.2562814070351759,33.0,0.1658291457286432,115.0,0.5778894472361809,0.0904522613065326
itau,2013-10-30,2013-10-30,17.24017,17.380415,17.195091,17.27523,17560016.0,-0.002031557626936454,-0.0008671602932709225,182.0,0.3575638506876228,45.0,0.0884086444007858,282.0,0.5540275049115914,0.2691552062868369
itau,2021-05-04,2021-05-04,28.1,28.35,26.65,26.709999,79002100.0,0.05073158665699277,-0.015532225123487156,159.0,0.3129921259842519,51.0,0.1003937007874015,298.0,0.5866141732283464,0.2125984251968504
itau,2017-05-04,2017-05-04,26.233334,26.366667,25.313334,25.4,20278350.0,0.03228171814371719,-0.017672415706769154,89.0,0.2348284960422163,55.0,0.1451187335092348,235.0,0.6200527704485488,0.0897097625329815
itau,2021-08-03,2021-08-03,31.4,31.43,30.16,30.77,55037000.0,0.02026770358025718,-0.018549687536594094,139.0,0.3202764976958525,47.0,0.108294930875576,248.0,0.5714285714285714,0.2119815668202765
itau,2014-04-30,2014-04-30,18.287003,18.507387,18.201853,18.417231,20487284.0,-0.007096104850768868,0.017508824442864872,103.0,0.2710526315789474,45.0,0.1184210526315789,232.0,0.6105263157894737,0.1526315789473684
itau,2021-11-04,2021-11-04,24.48,24.73,23.02,23.16,71651200.0,0.05542980493933082,-0.06636713401537313,169.0,0.3414141414141414,58.0,0.1171717171717171,268.0,0.5414141414141415,0.2242424242424242
itau,2011-11-03,2011-11-03,14.935227,14.998975,14.643808,14.798624,19496321.0,0.009188447274243063,0.01513537522128241,121.0,0.2647702407002188,62.0,0.1356673960612691,274.0,0.5995623632385121,0.1291028446389496
itau,2018-05-02,2018-05-02,33.446667,33.533333,32.326668,32.466667,33521550.0,0.029738208106792247,-0.0662520135549466,84.0,0.345679012345679,51.0,0.2098765432098765,108.0,0.4444444444444444,0.1358024691358024
itau,2020-08-04,2020-08-04,26.25,26.690001,25.41,25.690001,79805400.0,0.021564138990189247,-0.06083087474910305,82.0,0.1885057471264367,71.0,0.1632183908045977,282.0,0.6482758620689655,0.025287356321839
itau,2014-11-05,2014-11-05,20.275482,20.644629,20.220385,20.325068,17317278.0,-0.00244262822322816,-0.04805315411224257,112.0,0.2731707317073171,64.0,0.1560975609756097,234.0,0.5707317073170731,0.1170731707317073
itau,2020-02-11,2020-02-11,35.16,35.450001,34.639999,35.07,95513900.0,0.002563008664889327,0.018783994260690565,95.0,0.3368794326241134,37.0,0.1312056737588652,150.0,0.5319148936170213,0.2056737588652482
itau,2019-02-05,2019-02-05,38.560001,38.799999,37.619999,38.0,71190500.0,0.014629335949568792,-0.08653041201196192,57.0,0.3313953488372093,22.0,0.127906976744186,93.0,0.5406976744186046,0.2034883720930232
itau,2014-02-05,2014-02-05,15.677435,15.852742,15.386927,15.627347,32437734.0,0.0032000250148631545,0.015823098543307264,97.0,0.2055084745762712,65.0,0.1377118644067796,310.0,0.6567796610169492,0.0677966101694915
itau,2019-11-05,2019-11-05,37.639999,37.990002,36.799999,37.099998,46982800.0,0.014450372444665027,0.003558153522124584,55.0,0.3125,19.0,0.1079545454545454,102.0,0.5795454545454546,0.2045454545454545
itau,2013-02-06,2013-02-06,15.531725,15.613687,15.108257,15.24486,24325655.0,0.018642309270991128,-0.02727711958662321,79.0,0.2270114942528735,48.0,0.1379310344827586,221.0,0.6350574712643678,0.0890804597701149
itau,2021-02-02,2021-02-02,29.08,29.299999,28.0,28.459999,100327800.0,0.021551095140647358,-0.026482383839799502,144.0,0.2671614100185528,66.0,0.1224489795918367,329.0,0.6103896103896104,0.1447124304267161
vale,2017-10-26,2017-10-26,33.869999,33.900002,32.669998,32.669998,25302400.0,0.03607247291029294,-0.030259495678819453,60.0,0.1395348837209302,70.0,0.1627906976744186,300.0,0.6976744186046512,-0.0232558139534883
vale,2022-02-25,2022-02-25,86.519997,92.410004,85.099998,92.279999,51028300.0,-0.06445185605817498,0.1295682235429509,116.0,0.2959183673469387,37.0,0.0943877551020408,239.0,0.6096938775510204,0.2015306122448979
vale,2016-04-28,2016-04-28,20.469999,20.879999,19.450001,19.790001,11636100.0,0.033783540676174346,0.012263821959898709,66.0,0.2171052631578947,55.0,0.1809210526315789,183.0,0.6019736842105263,0.0361842105263157
vale,2022-10-28,2022-10-28,68.589996,69.050003,66.650002,67.449997,52793500.0,0.016760155017316213,-0.054780530464186336,81.0,0.2515527950310559,48.0,0.1490683229813664,193.0,0.5993788819875776,0.1024844720496894
vale,2012-02-16,2012-02-16,42.860001,44.009998,42.700001,43.630001,4600700.0,-0.01780599667831862,-0.012500185768602113,84.0,0.1913439635535307,61.0,0.1389521640091116,294.0,0.6697038724373576,0.0523917995444191
vale,2018-07-26,2018-07-26,52.470001,53.18,52.400002,52.779999,54299500.0,-0.005890715371477224,0.03232222403464961,59.0,0.1489898989898989,71.0,0.1792929292929292,266.0,0.6717171717171717,-0.0303030303030303
vale,2012-04-26,2012-04-26,40.740002,43.240002,40.740002,42.900002,7178400.0,-0.05166141266355673,0.00800946585711629,77.0,0.2181303116147308,60.0,0.1699716713881019,216.0,0.6118980169971672,0.0481586402266288
vale,2014-07-31,2014-07-31,32.09,32.950001,32.029999,32.549999,4681000.0,-0.014232882810845959,-0.014064960504026426,94.0,0.3042071197411003,33.0,0.1067961165048543,182.0,0.5889967637540453,0.1974110032362459
vale,2019-05-10,2019-05-10,48.299999,49.799999,48.060001,49.459999,25272300.0,-0.023732701920318674,-0.02313328101053047,48.0,0.1315068493150684,65.0,0.1780821917808219,252.0,0.6904109589041096,-0.0465753424657534
vale,2018-10-25,2018-10-25,55.970001,56.040001,53.799999,54.610001,29494700.0,0.024598816294255758,0.02126769283920436,56.0,0.1707317073170731,35.0,0.1067073170731707,237.0,0.7225609756097561,0.0640243902439024
vale,2018-02-28,2018-02-28,46.990002,47.09,44.650002,45.049999,39459100.0,0.04216189382018232,-0.0627794017175515,68.0,0.1704260651629072,52.0,0.1303258145363408,279.0,0.6992481203007519,0.0401002506265664
vale,2022-07-29,2022-07-29,69.669998,70.32,68.029999,69.75,77006600.0,-0.0011476403662082778,-0.03762063483308586,111.0,0.2775,71.0,0.1775,218.0,0.545,0.1
vale,2022-04-28,2022-04-28,85.019997,85.550003,80.830002,84.199997,56032800.0,0.009691602026001766,0.013538258350179546,113.0,0.26036866359447,46.0,0.1059907834101382,275.0,0.6336405529953917,0.1543778801843318
vale,2021-04-27,2021-04-27,108.879997,110.599998,108.519997,110.120003,24113300.0,-0.011324376727473193,0.030389186243557867,63.0,0.1956521739130435,52.0,0.1614906832298136,207.0,0.6428571428571429,0.0341614906832298
vale,2017-04-27,2017-04-27,27.889999,28.16,26.42,26.83,9359600.0,0.03874750134671909,-0.009420395923853917,87.0,0.204225352112676,70.0,0.1643192488262911,269.0,0.6314553990610329,0.0399061032863849
vale,2015-02-26,2015-02-26,21.870001,21.940001,20.879999,21.25,7354500.0,0.028758985042986497,-0.04102898674294555,85.0,0.1972157772621809,79.0,0.1832946635730858,267.0,0.6194895591647331,0.0139211136890951
vale,2021-07-29,2021-07-29,116.370003,117.559998,114.75,115.57,30576800.0,0.0068983889124753376,-0.07559114308149363,65.0,0.2241379310344827,37.0,0.1275862068965517,188.0,0.6482758620689655,0.096551724137931
vale,2017-07-27,2017-07-27,29.66,30.209999,29.27,29.700001,5584000.0,-0.0013477427689009838,0.022667637210600115,74.0,0.1728971962616822,69.0,0.161214953271028,285.0,0.6658878504672897,0.0116822429906542
vale,2016-10-27,2016-10-27,22.1,22.309999,21.66,22.0,10148800.0,0.004535155165391363,0.016853006866915286,70.0,0.1846965699208443,39.0,0.1029023746701846,270.0,0.712401055408971,0.0817941952506596
vale,2021-10-29,2021-10-29,73.019997,73.160004,71.019997,71.610001,30268500.0,0.019498592159477187,-0.01890204240580598,90.0,0.2337662337662337,59.0,0.1532467532467532,236.0,0.612987012987013,0.0805194805194805
vale,2011-10-27,2011-10-27,42.950001,42.950001,42.950001,42.950001,0.0,0.0,0.03769714246981683,62.0,0.1538461538461538,73.0,0.1811414392059553,268.0,0.6650124069478908,-0.0272952853598014
vale,2016-07-28,2016-07-28,19.059999,19.200001,18.379999,19.040001,9018200.0,0.0010497638759313492,-0.022448831539453228,70.0,0.2180685358255451,41.0,0.1277258566978193,210.0,0.6542056074766355,0.0903426791277258
vale,2015-04-30,2015-04-30,20.6,22.76,20.370001,22.65,22251200.0,-0.09486877613350753,0.1602900073249782,49.0,0.1719298245614035,54.0,0.1894736842105263,182.0,0.6385964912280702,-0.0175438596491228
vale,2018-04-26,2018-04-26,47.700001,49.0,47.619999,48.700001,13273500.0,-0.020747631763768846,0.008307358349751581,71.0,0.1779448621553884,71.0,0.1779448621553884,257.0,0.6441102756892231,0.0
vale,2014-10-30,2014-10-30,23.809999,24.1,23.5,23.700001,5656900.0,0.004630528164433033,0.009646377051805335,45.0,0.1419558359621451,77.0,0.2429022082018927,195.0,0.6151419558359621,-0.1009463722397476
vale,2020-02-21,2020-02-21,51.0,51.139999,49.799999,50.130001,32249900.0,0.017205981500779188,-0.14067238158596962,59.0,0.1690544412607449,72.0,0.2063037249283667,218.0,0.6246418338108882,-0.0372492836676217
vale,2017-02-23,2017-02-23,35.189999,35.25,32.799999,33.169998,12566100.0,0.05911613025281791,-0.058464889858013555,73.0,0.1662870159453303,75.0,0.1708428246013667,291.0,0.662870159453303,-0.0045558086560364
vale,2016-02-25,2016-02-25,11.17,11.62,10.91,11.02,7333900.0,0.013519809356341037,-0.06254790481125545,49.0,0.1471471471471471,66.0,0.1981981981981982,218.0,0.6546546546546547,-0.051051051051051
vale,2019-10-25,2019-10-25,47.75,48.560001,47.549999,48.560001,21754000.0,-0.01682110041758409,0.04086479488772885,68.0,0.1894150417827298,48.0,0.1337047353760445,243.0,0.6768802228412256,0.0557103064066852
BB,2017-11-10,2017-11-10,32.450001,32.459999,31.01,31.299999,11508300.0,0.03608240836951433,-0.028613743621850984,83.0,0.2299168975069252,66.0,0.1828254847645429,212.0,0.5872576177285319,0.0470914127423822
BB,2022-02-15,2022-02-15,35.5,35.700001,34.939999,35.130001,49098300.0,0.010477201737936117,0.05199373176995802,200.0,0.4415011037527593,20.0,0.0441501103752759,233.0,0.5143487858719646,0.3973509933774834
BB,2016-05-13,2016-05-13,19.950001,20.18,19.0,19.360001,13756600.0,0.030020059959862275,-0.043127885970289076,106.0,0.2274678111587982,71.0,0.1523605150214592,289.0,0.6201716738197425,0.075107296137339
BB,2012-02-15,2012-02-15,27.799999,28.4,27.76,28.0,15180000.0,-0.0071685254498362215,0.04589106914901312,123.0,0.3333333333333333,25.0,0.067750677506775,221.0,0.5989159891598916,0.2655826558265582
BB,2018-08-10,2018-08-10,33.049999,33.130001,31.5,31.75,20007700.0,0.04012881070180819,-0.05191999765454839,82.0,0.2742474916387959,55.0,0.1839464882943143,162.0,0.5418060200668896,0.0903010033444816
BB,2012-05-04,2012-05-04,22.5,23.25,22.34,22.66,10449400.0,-0.007085946389485835,0.011876145481852958,112.0,0.2562929061784897,44.0,0.1006864988558352,281.0,0.6430205949656751,0.1556064073226544
BB,2019-05-17,2019-05-17,45.450001,46.459999,44.549999,44.849998,14360100.0,0.013289298713971769,0.02017205391101592,68.0,0.2158730158730158,45.0,0.1428571428571428,202.0,0.6412698412698413,0.073015873015873
BB,2018-02-23,2018-02-23,42.5,42.689999,41.950001,42.400002,8615600.0,0.002355666522648797,0.014516714431861661,138.0,0.3484848484848485,54.0,0.1363636363636363,204.0,0.5151515151515151,0.2121212121212121
BB,2012-08-15,2012-08-15,22.309999,23.27,22.0,23.15,11035600.0,-0.03695981691075212,0.04694473630612667,113.0,0.2177263969171483,52.0,0.1001926782273603,354.0,0.6820809248554913,0.117533718689788
BB,2022-08-16,2022-08-16,43.0,43.490002,42.43,43.200001,21263200.0,-0.004640402704650078,-0.004195833514753378,210.0,0.4347826086956521,27.0,0.0559006211180124,246.0,0.5093167701863354,0.3788819875776397
BB,2022-05-12,2022-05-12,34.799999,35.349998,34.540001,35.16,24508900.0,-0.010291714772180098,0.023632223024404684,197.0,0.2810271041369472,63.0,0.0898716119828816,441.0,0.6291012838801712,0.1911554921540656
BB,2017-05-12,2017-05-12,34.599998,35.389999,34.41,35.389999,10666000.0,-0.022575641840593404,0.010413776644847099,93.0,0.1827111984282907,113.0,0.2220039292730845,303.0,0.5952848722986247,-0.0392927308447937
BB,2010-05-14,2010-05-14,27.440001,27.49,26.65,26.65,2799900.0,0.029212688688978913,-0.011332564869826431,114.0,0.3257142857142857,48.0,0.1371428571428571,188.0,0.5371428571428571,0.1885714285714285
BB,2020-11-13,2020-11-13,32.990002,33.169998,32.400002,33.049999,17339500.0,-0.0018169901755889627,0.03512298487036395,84.0,0.1814254859611231,27.0,0.0583153347732181,352.0,0.7602591792656588,0.1231101511879049
BB,2011-08-10,2011-08-10,23.98,24.459999,23.43,23.799999,7544300.0,0.007534610938746812,0.0012368585373964223,152.0,0.3470319634703196,56.0,0.1278538812785388,230.0,0.5251141552511416,0.2191780821917808
BB,2017-08-11,2017-08-11,30.73,31.09,30.610001,30.9,5464600.0,-0.005516807761306481,0.005483000351441083,103.0,0.2783783783783783,60.0,0.1621621621621621,207.0,0.5594594594594594,0.1162162162162162
BB,2010-08-17,2010-08-17,30.42,30.42,29.940001,30.15,4695500.0,0.00891536365795255,-0.012620526405746069,116.0,0.327683615819209,31.0,0.0875706214689265,207.0,0.5847457627118644,0.2401129943502825
BB,2016-11-11,2016-11-11,25.049999,25.5,23.5,23.76,20621500.0,0.05287029311626911,-0.04445180174043729,89.0,0.2966666666666667,43.0,0.1433333333333333,168.0,0.56,0.1533333333333333
BB,2011-05-11,2011-05-11,28.85,29.07,28.75,29.049999,6442500.0,-0.006908455920403134,0.03437241809272793,174.0,0.4027777777777778,24.0,0.0555555555555555,234.0,0.5416666666666666,0.3472222222222222
BB,2015-11-13,2015-11-13,17.049999,17.17,16.85,17.07,4881200.0,-0.001172391727851636,0.005215891582569392,61.0,0.2170818505338078,34.0,0.1209964412811387,186.0,0.6619217081850534,0.096085409252669
BB,2011-11-04,2011-11-04,25.200001,25.35,24.860001,25.299999,4466400.0,-0.003960322007865499,0.009463793030950362,151.0,0.2755474452554745,83.0,0.1514598540145985,314.0,0.572992700729927,0.1240875912408759
BB,2016-08-12,2016-08-12,22.049999,22.82,21.9,22.67,17209400.0,-0.02772990797805766,0.04997728137022567,94.0,0.214123006833713,73.0,0.1662870159453303,272.0,0.6195899772209568,0.0478359908883826
BB,2018-05-11,2018-05-11,36.32,36.540001,35.59,35.810001,9142300.0,0.014141341797591014,-0.029903554824755724,43.0,0.1822033898305084,43.0,0.1822033898305084,150.0,0.635593220338983,0.0
BB,2019-08-16,2019-08-16,46.349998,46.549999,45.349998,45.73,9747600.0,0.013466711191953494,-0.022497552301641705,90.0,0.2122641509433962,41.0,0.0966981132075471,293.0,0.6910377358490566,0.115566037735849
BB,2019-02-22,2019-02-22,53.200001,53.5,52.580002,53.09,7260200.0,0.00206982854901075,-0.01859283272385732,79.0,0.2117962466487935,51.0,0.1367292225201072,243.0,0.6514745308310992,0.0750670241286863
BB,2010-11-17,2010-11-17,33.759998,34.290001,33.549999,33.799999,3555100.0,-0.0011841624171252411,0.009979536301301493,116.0,0.4444444444444444,16.0,0.0613026819923371,129.0,0.4942528735632184,0.3831417624521073
BB,2017-02-17,2017-02-17,32.630001,33.240002,32.419998,32.91,10704800.0,-0.008544421703375518,0.01658412851560726,134.0,0.231833910034602,74.0,0.1280276816608996,370.0,0.6401384083044983,0.1038062283737024
BB,2016-02-26,2016-02-26,13.27,13.48,12.96,13.2,6972500.0,0.005289018751791033,0.031510483968185926,80.0,0.2807017543859649,35.0,0.1228070175438596,170.0,0.5964912280701754,0.1578947368421052
BB,2019-11-14,2019-11-14,46.130001,46.75,45.759998,46.509998,12033500.0,-0.008203780986903884,0.012543373800564419,80.0,0.2222222222222222,43.0,0.1194444444444444,237.0,0.6583333333333333,0.1027777777777777
BB,2011-02-18,2011-02-18,31.0,31.219999,30.700001,31.139999,5348400.0,-0.004505929807667549,-0.018420297851319163,139.0,0.3926553672316384,26.0,0.0734463276836158,189.0,0.5338983050847458,0.3192090395480226
BB,2013-02-22,2013-02-22,25.4,25.799999,25.120001,25.719999,8606800.0,-0.012519686464678211,0.004733697108879031,91.0,0.3095238095238095,23.0,0.0782312925170068,180.0,0.6122448979591837,0.2312925170068027
petrobras,2022-02-24,2022-02-24,34.799999,35.290001,32.68,33.389999,139674100.0,0.0413609340383198,-0.006449773070562475,169.0,0.4355670103092783,41.0,0.1056701030927835,178.0,0.4587628865979381,0.3298969072164948
petrobras,2016-05-13,2016-05-13,9.93,10.06,9.39,9.46,70472200.0,0.04848809499329411,-0.004094171532663115,81.0,0.1528301886792452,87.0,0.1641509433962264,362.0,0.6830188679245283,-0.0113207547169811
petrobras,2012-02-14,2012-02-14,24.360001,24.360001,23.1,23.209999,41985300.0,0.04835930669113099,-0.01716780362236533,110.0,0.2244897959183673,84.0,0.1714285714285714,296.0,0.6040816326530613,0.0530612244897959
petrobras,2013-04-29,2013-04-29,20.0,20.58,19.940001,20.42,70739800.0,-0.02078253918252862,0.046875621769289805,161.0,0.2927272727272727,86.0,0.1563636363636363,303.0,0.5509090909090909,0.1363636363636363
petrobras,2012-10-29,2012-10-29,21.5,21.6,21.17,21.35,20295900.0,0.007001195458983561,-0.03289465078916034,102.0,0.206060606060606,99.0,0.2,294.0,0.593939393939394,0.006060606060606
petrobras,2018-08-03,2018-08-03,21.4,21.549999,21.09,21.110001,86908000.0,0.01364401279666336,0.030400458576271584,81.0,0.263843648208469,47.0,0.1530944625407166,179.0,0.5830618892508144,0.1107491856677524
petrobras,2012-05-17,2012-05-17,19.440001,19.440001,18.43,18.43,32448400.0,0.05335307879088891,-0.011470459145640412,89.0,0.2236180904522613,44.0,0.1105527638190954,265.0,0.6658291457286433,0.1130653266331658
petrobras,2014-08-11,2014-08-11,19.370001,20.200001,19.219999,20.139999,35596700.0,-0.03898230859285276,0.018471587747185037,138.0,0.2047477744807121,78.0,0.115727002967359,458.0,0.6795252225519288,0.0890207715133531
petrobras,2019-05-08,2019-05-08,26.309999,27.469999,26.290001,27.370001,71780300.0,-0.039498502545101816,0.018052389450161303,141.0,0.216589861751152,70.0,0.1075268817204301,440.0,0.6758832565284179,0.1090629800307219
petrobras,2020-05-15,2020-05-15,17.99,18.190001,17.15,17.15,133733100.0,0.047817874350492735,0.06346040785465694,156.0,0.3011583011583011,109.0,0.2104247104247104,253.0,0.4884169884169884,0.0907335907335907
petrobras,2015-08-07,2015-08-07,10.25,10.55,9.68,9.69,65832700.0,0.056183279681742394,-0.03443527641982084,101.0,0.169179229480737,91.0,0.152428810720268,405.0,0.678391959798995,0.016750418760469
petrobras,2018-11-06,2018-11-06,27.299999,28.299999,26.99,27.190001,95344400.0,0.004037370138270721,-0.06833363012893717,90.0,0.216867469879518,49.0,0.1180722891566265,276.0,0.6650602409638554,0.0987951807228915
petrobras,2012-08-06,2012-08-06,19.02,20.26,18.83,19.92,55497300.0,-0.04623319503920805,0.015426978868405872,127.0,0.2055016181229773,121.0,0.1957928802588996,370.0,0.598705501618123,0.0097087378640776
petrobras,2022-05-06,2022-05-06,32.689999,33.119999,31.9,33.060001,129570200.0,-0.01125493249518736,0.004675152809470639,205.0,0.3796296296296296,42.0,0.0777777777777777,293.0,0.5425925925925926,0.3018518518518518
petrobras,2013-08-12,2013-08-12,17.299999,17.66,16.469999,16.6,54624200.0,0.04130374833776578,-0.04245773589002725,173.0,0.2562962962962963,95.0,0.1407407407407407,407.0,0.6029629629629629,0.1155555555555555
petrobras,2013-10-28,2013-10-28,19.42,19.9,19.01,19.889999,73626100.0,-0.02391357972617974,0.06338864110632957,139.0,0.2083958020989505,103.0,0.1544227886056971,425.0,0.6371814092953523,0.0539730134932533
petrobras,2021-05-14,2021-05-14,25.799999,26.379999,25.549999,26.299999,196135500.0,-0.019194447993023445,0.06468856990370164,231.0,0.4502923976608187,54.0,0.1052631578947368,228.0,0.4444444444444444,0.3450292397660818
petrobras,2017-05-12,2017-05-12,15.5,15.58,15.35,15.45,83518200.0,0.00323102058144654,0.05640839505432095,75.0,0.1459143968871595,68.0,0.1322957198443579,371.0,0.7217898832684825,0.0136186770428015
petrobras,2015-04-23,2015-04-23,12.3,13.26,11.89,12.87,182613700.0,-0.04529975922966331,0.016781476962003605,78.0,0.1270358306188925,66.0,0.1074918566775244,470.0,0.7654723127035831,0.019543973941368
petrobras,2021-08-05,2021-08-05,28.75,28.98,28.059999,28.35,223915900.0,0.01401073706959837,0.07722870359304951,177.0,0.3806451612903225,34.0,0.0731182795698924,254.0,0.546236559139785,0.3075268817204301
petrobras,2014-05-12,2014-05-12,17.950001,18.1,17.77,18.030001,20657400.0,-0.0044469220337485255,0.016278720863159582,128.0,0.1907600596125186,78.0,0.1162444113263785,465.0,0.6929955290611028,0.07451564828614
petrobras,2020-10-29,2020-10-29,18.43,19.370001,17.74,19.290001,86794800.0,-0.04560710707623631,0.014358183002609767,193.0,0.374031007751938,73.0,0.1414728682170542,250.0,0.4844961240310077,0.2325581395348837
petrobras,2011-05-17,2011-05-17,24.6,24.6,24.6,24.6,0.0,0.0,0.0,94.0,0.2206572769953051,61.0,0.1431924882629108,271.0,0.636150234741784,0.0774647887323943
petrobras,2017-08-11,2017-08-11,13.14,13.2,12.94,12.95,43025100.0,0.0145652249109178,-0.008374620700170499,99.0,0.1956521739130435,59.0,0.116600790513834,348.0,0.6877470355731226,0.0790513833992094
petrobras,2016-11-11,2016-11-11,15.18,15.46,13.94,14.01,129811400.0,0.0802074116185682,-0.10178269430994236,51.0,0.1036585365853658,81.0,0.1646341463414634,360.0,0.7317073170731707,-0.0609756097560975
petrobras,2011-05-17,2011-05-17,24.6,24.6,24.6,24.6,0.0,0.0,0.0,94.0,0.2206572769953051,61.0,0.1431924882629108,271.0,0.636150234741784,0.0774647887323943
petrobras,2021-10-29,2021-10-29,29.129999,29.190001,26.969999,27.15,157340000.0,0.07039149026252764,-0.033711022811924396,170.0,0.4176904176904177,53.0,0.1302211302211302,184.0,0.4520884520884521,0.2874692874692874
petrobras,2015-11-13,2015-11-13,7.5,7.56,7.23,7.27,67000600.0,0.03114672899683672,0.015707129205357877,68.0,0.1370967741935483,69.0,0.1391129032258064,359.0,0.7237903225806451,-0.002016129032258
petrobras,2011-11-16,2011-11-16,21.959999,22.219999,21.719999,22.110001,20722500.0,-0.006807468993769166,-0.018416726786231265,84.0,0.1922196796338672,104.0,0.2379862700228833,249.0,0.5697940503432495,-0.045766590389016
petrobras,2016-08-12,2016-08-12,12.05,12.44,11.98,12.0,71281300.0,0.004158010148663677,0.01720648759366688,92.0,0.1396054628224582,77.0,0.1168437025796661,490.0,0.7435508345978755,0.0227617602427921
petrobras,2015-05-18,2015-05-18,14.64,14.65,13.52,13.7,82200400.0,0.06636167569908638,-0.08545858164656893,73.0,0.1239388794567062,86.0,0.1460101867572156,430.0,0.7300509337860781,-0.0220713073005093
petrobras,2020-07-31,2020-07-31,22.92,23.139999,22.16,22.200001,75397300.0,0.03191755792326116,-0.045727420510446974,162.0,0.3592017738359201,87.0,0.1929046563192904,202.0,0.4478935698447893,0.1662971175166297
petrobras,2014-11-17,2014-11-17,13.07,13.25,12.52,12.6,47504600.0,0.036622713678698356,-0.058496206681608494,72.0,0.1321100917431192,75.0,0.1376146788990825,398.0,0.7302752293577982,-0.0055045871559633
petrobras,2020-02-20,2020-02-20,30.799999,30.889999,29.75,29.92,73522900.0,0.028987504405719178,-0.04725288643441129,108.0,0.2018691588785046,87.0,0.1626168224299065,340.0,0.6355140186915887,0.0392523364485981
petrobras,2019-08-02,2019-08-02,26.370001,26.889999,26.280001,26.52,64112900.0,-0.005672127030586317,-0.02702871152686337,96.0,0.2012578616352201,71.0,0.1488469601677149,310.0,0.649895178197065,0.0524109014675052
petrobras,2019-02-28,2019-02-28,27.719999,27.75,26.6,27.059999,93065100.0,0.024097552458939506,-0.01413184518468746,47.0,0.166077738515901,34.0,0.1201413427561837,202.0,0.7137809187279152,0.0459363957597173
petrobras,2014-02-26,2014-02-26,14.2,14.25,13.68,13.7,45181500.0,0.03584613177313588,-0.009922122506316477,227.0,0.3161559888579387,91.0,0.1267409470752089,400.0,0.5571030640668524,0.1894150417827298
petrobras,2019-10-25,2019-10-25,29.200001,29.549999,29.01,29.25,74476900.0,-0.0017108301570546807,0.044206092504495705,134.0,0.2821052631578947,53.0,0.111578947368421,288.0,0.6063157894736843,0.1705263157894737
petrobras,2013-02-05,2013-02-05,17.280001,18.290001,17.26,18.08,77332900.0,-0.04525653371775219,-0.022472855852058514,120.0,0.233009708737864,94.0,0.1825242718446602,301.0,0.5844660194174758,0.0504854368932038
petrobras,2021-02-25,2021-02-25,25.0,25.25,23.1,23.190001,170233000.0,0.07515463047872606,-0.09269066291677457,224.0,0.4324324324324324,75.0,0.1447876447876447,219.0,0.4227799227799227,0.2876447876447876
