Empresa,data_formatada,Posi,pos_ind,Neg,neg_ind,Neutral,neu_ind,indice
brf-3T2017,2017-11-10,118,0.3241758241758242,25,0.06868131868131869,221,0.6071428571428571,0.2554945054945055
brf-4T2021,2022-02-25,126,0.27510917030567683,55,0.12008733624454149,277,0.6048034934497817,0.15502183406113537
brf-1T2016,2016-04-29,155,0.30632411067193677,72,0.1422924901185771,279,0.5513833992094862,0.16403162055335968
brf-3T2022,2022-11-10,148,0.39361702127659576,32,0.0851063829787234,196,0.5212765957446809,0.30851063829787234
brf-2T2018,2018-08-10,92,0.22772277227722773,65,0.1608910891089109,247,0.6113861386138614,0.06683168316831684
brf-2T2014,2014-08-01,125,0.27292576419213976,59,0.12882096069868995,274,0.5982532751091703,0.14410480349344978
brf-1T2019,2019-05-10,81,0.15196998123827393,105,0.19699812382739212,347,0.651031894934334,-0.0450281425891182
brf-1T2020,2020-05-13,146,0.2796934865900383,83,0.15900383141762453,293,0.5613026819923371,0.1206896551724138
brf-2T2015,2015-07-31,189,0.43648960739030024,33,0.07621247113163972,211,0.48729792147806006,0.36027713625866054
brf-3T2018,2018-11-08,104,0.2043222003929273,49,0.0962671905697446,356,0.6994106090373281,0.10805500982318271
brf-4T2017,2018-02-23,100,0.18484288354898337,65,0.12014787430683918,376,0.6950092421441775,0.06469500924214418
brf-2T2022,2T2022,134,0.2427536231884058,68,0.12318840579710146,350,0.6340579710144928,0.11956521739130435
brf-1T2022,2022-05-05,87,0.21375921375921375,58,0.14250614250614252,262,0.6437346437346437,0.07125307125307126
brf-1T2021,1T2021,109,0.23851203501094093,58,0.12691466083150985,290,0.6345733041575492,0.11159737417943107
brf-1T2017,2017-05-12,129,0.2866666666666667,59,0.13111111111111112,262,0.5822222222222222,0.15555555555555556
brf-4T2014,2014-02-27,182,0.38477801268498946,48,0.1014799154334038,243,0.5137420718816068,0.2832980972515856
brf-2T2021,2021-08-13,125,0.38109756097560976,37,0.11280487804878049,166,0.5060975609756098,0.2682926829268293
brf-3T2020,2020-11-10,182,0.35067437379576105,55,0.10597302504816955,282,0.5433526011560693,0.24470134874759153
brf-2T2017,2017-08-11,107,0.25476190476190474,43,0.10238095238095238,270,0.6428571428571429,0.1523809523809524
brf-3T2016,2016-10-28,154,0.30434782608695654,75,0.1482213438735178,277,0.5474308300395256,0.15612648221343872
brf-3T2021,2021-11-11,118,0.3430232558139535,22,0.06395348837209303,204,0.5930232558139535,0.27906976744186046
brf-3T2015,2015-10-30,256,0.29157175398633256,82,0.09339407744874716,540,0.6150341685649203,0.19817767653758542
brf-2T2016,2016-07-29,148,0.35071090047393366,69,0.16350710900473933,205,0.48578199052132703,0.1872037914691943
brf-1T2015,2015-04-29,118,0.3241758241758242,51,0.1401098901098901,195,0.5357142857142857,0.18406593406593408
brf-1T2018,2018-05-11,87,0.24369747899159663,41,0.11484593837535013,229,0.6414565826330533,0.12885154061624648
brf-2T2020,2020-08-13,153,0.281767955801105,70,0.1289134438305709,320,0.5893186003683242,0.15285451197053407
brf-4T2022,4T2022,169,0.3470225872689938,49,0.10061601642710473,269,0.5523613963039015,0.2464065708418891
brf-3T2014,2014-10-31,142,0.27626459143968873,48,0.0933852140077821,324,0.6303501945525292,0.1828793774319066
brf-4T2019,4T2019,171,0.3092224231464738,70,0.12658227848101267,312,0.5641952983725136,0.18264014466546113
brf-2T2019,2019-08-09,150,0.30060120240480964,44,0.08817635270541083,305,0.6112224448897795,0.2124248496993988
brf-4T2018,2019-02-28,106,0.2260127931769723,61,0.1300639658848614,302,0.6439232409381663,0.09594882729211088
brf-4T2016,2017-02-24,107,0.2157258064516129,60,0.12096774193548387,329,0.6633064516129032,0.09475806451612903
brf-4T2015,2016-02-26,186,0.4105960264900662,32,0.0706401766004415,235,0.5187637969094923,0.33995584988962474
brf-3T2019,2019-11-08,143,0.26579925650557623,65,0.120817843866171,330,0.6133828996282528,0.1449814126394052
brf-4T2020,2021-02-26,128,0.3368421052631579,43,0.11315789473684211,209,0.55,0.2236842105263158
bradesco-3T2017,3T2017,64,0.29767441860465116,32,0.14883720930232558,119,0.5534883720930233,0.14883720930232558
bradesco-4T2021,2022-02-09,171,0.4052132701421801,49,0.11611374407582939,202,0.4786729857819905,0.2890995260663507
bradesco-1T2016,2016-07-29,109,0.22755741127348644,95,0.19832985386221294,275,0.5741127348643006,0.029227557411273485
bradesco-3T2022,2022-11-09,107,0.31470588235294117,53,0.15588235294117647,180,0.5294117647058824,0.1588235294117647
bradesco-2T2018,2018-07-26,134,0.32211538461538464,48,0.11538461538461539,234,0.5625,0.20673076923076922
bradesco-1T2019,2019-04-25,134,0.39762611275964393,27,0.08011869436201781,176,0.5222551928783383,0.31750741839762614
bradesco-1T2020,2020-04-30,80,0.18433179723502305,100,0.2304147465437788,254,0.5852534562211982,-0.04608294930875576
bradesco-2T2015,2015-07-31,136,0.38526912181303113,46,0.13031161473087818,171,0.48441926345609065,0.254957507082153
bradesco-3T2018,2018-11-01,99,0.38671875,35,0.13671875,122,0.4765625,0.25
bradesco-4T2017,2018-02-01,118,0.28502415458937197,57,0.13768115942028986,239,0.5772946859903382,0.1473429951690821
bradesco-2T2022,2022-08-05,123,0.27702702702702703,67,0.15090090090090091,254,0.5720720720720721,0.12612612612612611
bradesco-1T2022,2022-05-06,181,0.401330376940133,52,0.11529933481152993,218,0.48337028824833705,0.2860310421286031
bradesco-1T2021,2021-05-05,106,0.33544303797468356,48,0.1518987341772152,162,0.5126582278481012,0.18354430379746836
bradesco-1T2017,1T2017,83,0.2618296529968454,65,0.20504731861198738,169,0.5331230283911672,0.056782334384858045
bradesco-2T2021,2021-08-04,119,0.31151832460732987,78,0.20418848167539266,185,0.48429319371727747,0.10732984293193717
bradesco-3T2020,2020-10-29,120,0.27149321266968324,93,0.21040723981900453,229,0.5180995475113123,0.06108597285067873
bradesco-2T2017,2017-07-28,119,0.2989949748743719,63,0.15829145728643215,216,0.542713567839196,0.1407035175879397
bradesco-3T2016,3T2016,183,0.34014869888475835,99,0.18401486988847585,256,0.4758364312267658,0.15613382899628253
bradesco-3T2021,2021-11-05,157,0.38957816377171217,52,0.12903225806451613,194,0.4813895781637717,0.26054590570719605
bradesco-3T2015,3T2015,33,0.10344827586206896,62,0.19435736677115986,224,0.7021943573667712,-0.09090909090909091
bradesco-2T2016,2016-04-29,114,0.2375,71,0.14791666666666667,295,0.6145833333333334,0.08958333333333333
bradesco-1T2015,2015-04-30,182,0.3333333333333333,80,0.14652014652014653,284,0.5201465201465202,0.18681318681318682
bradesco-1T2018,2018-04-26,116,0.3333333333333333,50,0.14367816091954022,182,0.5229885057471264,0.1896551724137931
bradesco-2T2020,2020-07-30,102,0.22818791946308725,79,0.1767337807606264,266,0.5950782997762863,0.05145413870246085
bradesco-4T2022,2023-02-10,101,0.26861702127659576,59,0.15691489361702127,216,0.574468085106383,0.11170212765957446
bradesco-4T2019,2020-02-05,206,0.24178403755868544,107,0.1255868544600939,539,0.6326291079812206,0.11619718309859155
bradesco-2T2019,2019-07-25,137,0.34595959595959597,46,0.11616161616161616,213,0.5378787878787878,0.2297979797979798
bradesco-4T2018,2019-01-31,117,0.41637010676156583,29,0.10320284697508897,135,0.4804270462633452,0.31316725978647686
bradesco-4T2016,4T2016,139,0.22712418300653595,97,0.15849673202614378,376,0.6143790849673203,0.06862745098039216
bradesco-4T2015,2016-01-29,184,0.35384615384615387,74,0.1423076923076923,262,0.5038461538461538,0.21153846153846154
bradesco-3T2019,2019-10-31,130,0.2584493041749503,65,0.12922465208747516,308,0.6123260437375746,0.12922465208747516
bradesco-4T2020,2020-02-04,163,0.30241187384044527,74,0.137291280148423,302,0.5602968460111317,0.16512059369202226
natura-3T2017,2017-11-16,123,0.30597014925373134,33,0.08208955223880597,246,0.6119402985074627,0.22388059701492538
natura-4T2021,4T2021,161,0.3726851851851852,60,0.1388888888888889,211,0.48842592592592593,0.2337962962962963
natura-1T2016,2016-04-28,161,0.2069408740359897,127,0.16323907455012854,490,0.6298200514138818,0.043701799485861184
natura-3T2022,2022-11-10,112,0.42748091603053434,34,0.1297709923664122,116,0.44274809160305345,0.29770992366412213
natura-4T2011,2012-02-17,79,0.19602977667493796,43,0.10669975186104218,281,0.6972704714640199,0.08933002481389578
natura-1T2013,2013-04-26,90,0.1836734693877551,46,0.09387755102040816,354,0.7224489795918367,0.08979591836734693
natura-3T2012,2012-10-26,109,0.218436873747495,56,0.11222444889779559,334,0.6693386773547094,0.1062124248496994
natura-2T2018,2018-08-10,140,0.3977272727272727,30,0.08522727272727272,182,0.5170454545454546,0.3125
natura-1T2012,2012-04-27,99,0.24324324324324326,24,0.05896805896805897,284,0.6977886977886978,0.18427518427518427
natura-2T2014,2014-07-25,85,0.17598343685300208,60,0.12422360248447205,338,0.6997929606625258,0.051759834368530024
natura-1T2020,1T2020,155,0.3855721393034826,56,0.13930348258706468,191,0.47512437810945274,0.2462686567164179
natura-2T2015,2015-07-23,127,0.2170940170940171,77,0.13162393162393163,381,0.6512820512820513,0.08547008547008547
natura-4T2017,4T2017,191,0.39791666666666664,19,0.03958333333333333,270,0.5625,0.35833333333333334
natura-2T2012,2012-07-27,101,0.23271889400921658,25,0.0576036866359447,308,0.7096774193548387,0.17511520737327188
natura-2T2022,2022-08-12,123,0.3342391304347826,46,0.125,199,0.5407608695652174,0.20923913043478262
natura-1T2022,2022-05-06,119,0.35103244837758113,56,0.16519174041297935,164,0.4837758112094395,0.18584070796460178
natura-2T2013,2013-07-26,132,0.23157894736842105,49,0.08596491228070176,389,0.6824561403508772,0.1456140350877193
natura-3T2013,2013-10-25,104,0.2810810810810811,20,0.05405405405405406,246,0.6648648648648648,0.22702702702702704
natura-1T2021,1T2021,170,0.49707602339181284,20,0.05847953216374269,152,0.4444444444444444,0.43859649122807015
natura-1T2017,2017-04-27,111,0.22379032258064516,39,0.07862903225806452,346,0.6975806451612904,0.14516129032258066
natura-4T2014,2015-02-13,103,0.23198198198198197,39,0.08783783783783784,302,0.6801801801801802,0.14414414414414414
natura-1T2010,2010-04-30,67,0.21967213114754097,22,0.07213114754098361,216,0.7081967213114754,0.14754098360655737
natura-2T2021,2T2021,180,0.4787234042553192,12,0.031914893617021274,184,0.48936170212765956,0.44680851063829785
natura-1T2014,2014-04-25,111,0.22745901639344263,24,0.04918032786885246,353,0.7233606557377049,0.17827868852459017
natura-3T2020,3T2020,200,0.4807692307692308,19,0.04567307692307692,197,0.4735576923076923,0.43509615384615385
natura-2T2011,2011-07-22,86,0.15008726003490402,93,0.16230366492146597,394,0.68760907504363,-0.012216404886561954
natura-2T2017,2017-07-27,126,0.30434782608695654,34,0.0821256038647343,254,0.6135265700483091,0.2222222222222222
natura-2T2010,2010-07-23,131,0.25047801147227533,28,0.05353728489483748,364,0.6959847036328872,0.19694072657743786
natura-3T2016,2016-10-27,96,0.2077922077922078,69,0.14935064935064934,297,0.6428571428571429,0.05844155844155844
natura-1T2011,2011-04-29,101,0.1894934333958724,59,0.11069418386491557,373,0.699812382739212,0.07879924953095685
natura-3T2021,3T2021,154,0.43874643874643876,34,0.09686609686609686,163,0.46438746438746437,0.3418803418803419
natura-3T2015,2015-10-22,126,0.22702702702702704,50,0.09009009009009009,379,0.6828828828828829,0.13693693693693693
natura-3T2011,2011-10-28,105,0.24647887323943662,53,0.12441314553990611,268,0.6291079812206573,0.12206572769953052
natura-2T2016,2016-07-28,143,0.23953098827470687,57,0.09547738693467336,397,0.6649916247906198,0.1440536013400335
natura-1T2015,2015-04-30,136,0.20763358778625954,60,0.0916030534351145,459,0.7007633587786259,0.11603053435114503
natura-1T2018,2018-05-11,129,0.3449197860962567,18,0.0481283422459893,227,0.606951871657754,0.2967914438502674
natura-2T2020,2T2020,8,0.8888888888888888,1,0.1111111111111111,0,0.0,0.7777777777777778
natura-4T2022,4T2022,134,0.3621621621621622,52,0.14054054054054055,184,0.4972972972972973,0.22162162162162163
natura-3T2014,2014-10-24,92,0.24533333333333332,21,0.056,262,0.6986666666666667,0.18933333333333333
natura-2T2019,2T2019,0,0.0,4,0.3333333333333333,8,0.6666666666666666,-0.3333333333333333
natura-3T2010,2010-10-22,95,0.3104575163398693,23,0.07516339869281045,188,0.6143790849673203,0.23529411764705882
natura-4T2016,2017-02-23,122,0.2629310344827586,41,0.08836206896551724,301,0.6487068965517241,0.17456896551724138
natura-4T2013,2014-02-14,122,0.23238095238095238,38,0.07238095238095238,365,0.6952380952380952,0.16
natura-4T2015,2016-02-18,127,0.22010398613518198,111,0.1923743500866551,339,0.587521663778163,0.02772963604852686
natura-3T2019,3T2019,13,1.0,0,0.0,0,0.0,1.0
natura-4T2010,2011-02-25,90,0.2571428571428571,30,0.08571428571428572,230,0.6571428571428571,0.17142857142857143
natura-4T2012,2013-02-08,112,0.2660332541567696,26,0.06175771971496437,283,0.672209026128266,0.2042755344418052
natura-4T2020,4T2020,171,0.48857142857142855,19,0.054285714285714284,160,0.45714285714285713,0.4342857142857143
hapvida-4T2021,4T2021,159,0.2548076923076923,87,0.13942307692307693,378,0.6057692307692307,0.11538461538461539
hapvida-3T2022,3T2022,111,0.32456140350877194,52,0.15204678362573099,179,0.5233918128654971,0.17251461988304093
hapvida-2T2018,2018-08-14,78,0.3046875,44,0.171875,134,0.5234375,0.1328125
hapvida-1T2019,1T2019,83,0.30855018587360594,55,0.20446096654275092,131,0.48698884758364314,0.10408921933085502
hapvida-1T2020,2020-05-21,114,0.3081081081081081,43,0.11621621621621622,213,0.5756756756756757,0.1918918918918919
hapvida-3T2018,3T2018,131,0.34656084656084657,36,0.09523809523809523,211,0.5582010582010583,0.25132275132275134
hapvida-2T2022,2T2022,129,0.3543956043956044,30,0.08241758241758242,205,0.5631868131868132,0.27197802197802196
hapvida-1T2022,1T2022,182,0.31217838765008576,75,0.12864493996569468,326,0.5591766723842195,0.1835334476843911
hapvida-1T2021,1T2021,108,0.288,59,0.15733333333333333,208,0.5546666666666666,0.13066666666666665
hapvida-2T2021,2T2021,124,0.3415977961432507,70,0.1928374655647383,169,0.465564738292011,0.1487603305785124
hapvida-3T2020,3T2020,103,0.4309623430962343,15,0.06276150627615062,121,0.5062761506276151,0.3682008368200837
hapvida-3T2021,2021-11-12,158,0.3495575221238938,75,0.16592920353982302,219,0.48451327433628316,0.1836283185840708
hapvida-1T2018,1T2018,61,0.3609467455621302,17,0.10059171597633136,91,0.5384615384615384,0.2603550295857988
hapvida-2T2020,2020-08-14,141,0.3770053475935829,66,0.17647058823529413,167,0.446524064171123,0.20053475935828877
hapvida-4T2022,4T2022,194,0.3265993265993266,79,0.132996632996633,321,0.5404040404040404,0.1936026936026936
hapvida-4T2019,4T2019,127,0.2754880694143167,69,0.14967462039045554,265,0.5748373101952278,0.12581344902386118
hapvida-2T2019,2T2019,85,0.3648068669527897,16,0.06866952789699571,132,0.5665236051502146,0.296137339055794
hapvida-4T2018,4T2018,136,0.3333333333333333,52,0.12745098039215685,220,0.5392156862745098,0.20588235294117646
hapvida-3T2019,3T2019,57,0.5277777777777778,12,0.1111111111111111,39,0.3611111111111111,0.4166666666666667
hapvida-4T2020,4T2020,137,0.3959537572254335,44,0.12716763005780346,165,0.476878612716763,0.26878612716763006
magazine_luiza-3T2017,3T2017,184,0.46,21,0.0525,195,0.4875,0.4075
magazine_luiza-4T2021,4T2021,160,0.38004750593824227,27,0.06413301662707839,234,0.5558194774346793,0.3159144893111639
magazine_luiza-1T2016,2016-05-06,129,0.40186915887850466,37,0.11526479750778816,155,0.48286604361370716,0.2866043613707165
magazine_luiza-3T2022,2022-11-11,278,0.42249240121580545,57,0.08662613981762918,323,0.4908814589665654,0.33586626139817627
magazine_luiza-1T2013,2013-05-14,125,0.352112676056338,30,0.08450704225352113,200,0.5633802816901409,0.2676056338028169
magazine_luiza-3T2012,2012-11-13,100,0.4219409282700422,22,0.09282700421940929,115,0.48523206751054854,0.3291139240506329
magazine_luiza-2T2018,2T2018,172,0.4215686274509804,22,0.05392156862745098,214,0.5245098039215687,0.36764705882352944
magazine_luiza-1T2012,2012-05-15,99,0.339041095890411,46,0.15753424657534246,147,0.5034246575342466,0.1815068493150685
magazine_luiza-2T2014,2014-08-01,114,0.35514018691588783,47,0.14641744548286603,160,0.4984423676012461,0.2087227414330218
magazine_luiza-1T2019,1T2019,152,0.4198895027624309,28,0.07734806629834254,182,0.5027624309392266,0.3425414364640884
magazine_luiza-1T2020,1T2020,271,0.29014989293361887,116,0.12419700214132762,547,0.5856531049250535,0.16595289079229122
magazine_luiza-2T2015,2015-07-31,110,0.3064066852367688,53,0.14763231197771587,196,0.5459610027855153,0.15877437325905291
magazine_luiza-3T2018,3T2018,198,0.375,40,0.07575757575757576,290,0.5492424242424242,0.29924242424242425
magazine_luiza-4T2017,4T2017,120,0.41522491349480967,16,0.05536332179930796,153,0.5294117647058824,0.35986159169550175
magazine_luiza-2T2012,2012-08-14,137,0.35038363171355497,45,0.11508951406649616,209,0.5345268542199488,0.23529411764705882
magazine_luiza-2T2022,2022-08-17,195,0.4276315789473684,22,0.04824561403508772,239,0.5241228070175439,0.3793859649122807
magazine_luiza-1T2022,2022-05-17,139,0.40406976744186046,17,0.04941860465116279,188,0.5465116279069767,0.3546511627906977
magazine_luiza-2T2013,2013-08-07,172,0.4028103044496487,40,0.0936768149882904,215,0.5035128805620609,0.3091334894613583
magazine_luiza-3T2013,3T2013,132,0.34108527131782945,35,0.09043927648578812,220,0.5684754521963824,0.25064599483204136
magazine_luiza-1T2021,2021-05-14,165,0.3340080971659919,19,0.038461538461538464,310,0.6275303643724697,0.29554655870445345
magazine_luiza-1T2017,2017-05-05,210,0.44025157232704404,24,0.050314465408805034,243,0.5094339622641509,0.389937106918239
magazine_luiza-4T2014,2015-02-27,91,0.4080717488789238,26,0.11659192825112108,106,0.47533632286995514,0.2914798206278027
magazine_luiza-2T2021,2021-08-13,137,0.4840989399293286,9,0.03180212014134275,137,0.4840989399293286,0.45229681978798586
magazine_luiza-1T2014,2014-05-08,153,0.3722627737226277,40,0.09732360097323602,218,0.5304136253041363,0.2749391727493917
magazine_luiza-3T2020,2020-11-10,232,0.37359098228663445,37,0.05958132045088567,352,0.5668276972624798,0.3140096618357488
magazine_luiza-2T2017,2T2017,214,0.39776951672862454,32,0.05947955390334572,292,0.5427509293680297,0.3382899628252788
magazine_luiza-3T2016,2016-10-31,137,0.44625407166123776,19,0.06188925081433225,151,0.49185667752442996,0.38436482084690554
magazine_luiza-3T2021,3T2021,109,0.2759493670886076,24,0.060759493670886074,262,0.6632911392405063,0.21518987341772153
magazine_luiza-3T2015,2015-11-11,153,0.3469387755102041,51,0.11564625850340136,237,0.5374149659863946,0.23129251700680273
magazine_luiza-2T2016,2016-08-04,132,0.358695652173913,46,0.125,190,0.5163043478260869,0.23369565217391305
magazine_luiza-1T2015,2015-05-08,75,0.35714285714285715,29,0.1380952380952381,106,0.5047619047619047,0.21904761904761905
magazine_luiza-1T2018,1T2018,199,0.42340425531914894,21,0.04468085106382979,250,0.5319148936170213,0.37872340425531914
magazine_luiza-2T2020,2T2020,299,0.3628640776699029,70,0.08495145631067962,455,0.5521844660194175,0.2779126213592233
magazine_luiza-4T2022,4T2022,197,0.4112734864300626,35,0.07306889352818371,247,0.5156576200417536,0.33820459290187893
magazine_luiza-3T2014,2014-10-31,126,0.3727810650887574,40,0.11834319526627218,172,0.5088757396449705,0.25443786982248523
magazine_luiza-4T2019,4T2019,231,0.5448113207547169,18,0.04245283018867924,175,0.41273584905660377,0.5023584905660378
magazine_luiza-2T2019,2T2019,191,0.4340909090909091,32,0.07272727272727272,217,0.49318181818181817,0.3613636363636364
magazine_luiza-4T2018,4T2018,139,0.4263803680981595,15,0.046012269938650305,172,0.5276073619631901,0.3803680981595092
magazine_luiza-4T2016,2017-02-20,157,0.37292161520190026,41,0.09738717339667459,223,0.5296912114014252,0.2755344418052256
magazine_luiza-4T2013,2014-02-24,139,0.3381995133819951,34,0.0827250608272506,238,0.5790754257907542,0.25547445255474455
magazine_luiza-4T2015,2015-12-31,135,0.4426229508196721,36,0.1180327868852459,134,0.43934426229508194,0.32459016393442625
magazine_luiza-3T2019,3T2019,272,0.39941262848751835,29,0.042584434654919234,380,0.5580029368575624,0.3568281938325991
magazine_luiza-4T2012,4T2012,121,0.45149253731343286,25,0.09328358208955224,122,0.4552238805970149,0.3582089552238806
magazine_luiza-4T2020,4T2020,199,0.332220367278798,32,0.05342237061769616,368,0.6143572621035058,0.27879799666110183
santander-3T2017,2017-10-26,190,0.4298642533936652,32,0.07239819004524888,220,0.497737556561086,0.3574660633484163
santander-4T2021,4T2021,16,0.05734767025089606,32,0.11469534050179211,231,0.8279569892473119,-0.05734767025089606
santander-1T2016,2016-04-27,123,0.3397790055248619,65,0.17955801104972377,174,0.48066298342541436,0.16022099447513813
santander-3T2022,3T2022,19,0.0472636815920398,55,0.13681592039800994,328,0.8159203980099502,-0.08955223880597014
santander-4T2011,2012-01-31,117,0.45703125,22,0.0859375,117,0.45703125,0.37109375
santander-1T2013,2013-04-25,93,0.28792569659442724,54,0.16718266253869968,176,0.544891640866873,0.12074303405572756
santander-3T2012,2012-10-25,93,0.34962406015037595,53,0.19924812030075187,120,0.45112781954887216,0.15037593984962405
santander-2T2018,2018-07-25,164,0.37962962962962965,41,0.09490740740740741,227,0.5254629629629629,0.2847222222222222
santander-1T2012,2012-04-26,72,0.37305699481865284,27,0.13989637305699482,94,0.48704663212435234,0.23316062176165803
santander-2T2014,2014-07-31,93,0.4305555555555556,37,0.1712962962962963,86,0.39814814814814814,0.25925925925925924
santander-1T2019,2019-04-30,154,0.39086294416243655,38,0.09644670050761421,202,0.5126903553299492,0.29441624365482233
santander-1T2020,2020-04-28,104,0.26666666666666666,64,0.1641025641025641,222,0.5692307692307692,0.10256410256410256
santander-2T2015,2015-07-30,90,0.42857142857142855,44,0.20952380952380953,76,0.3619047619047619,0.21904761904761905
santander-3T2018,2018-10-31,120,0.31413612565445026,46,0.12041884816753927,216,0.5654450261780105,0.193717277486911
santander-4T2017,2018-01-31,178,0.445,38,0.095,184,0.46,0.35
santander-2T2012,2012-07-26,79,0.37799043062200954,32,0.15311004784688995,98,0.4688995215311005,0.22488038277511962
santander-2T2022,2022-07-28,201,0.4152892561983471,41,0.08471074380165289,242,0.5,0.3305785123966942
santander-2T2013,2013-07-30,131,0.34564643799472294,82,0.21635883905013192,166,0.43799472295514513,0.12928759894459102
santander-3T2013,2013-10-24,165,0.3741496598639456,58,0.13151927437641722,218,0.4943310657596372,0.24263038548752835
santander-1T2021,2021-04-28,176,0.40930232558139534,46,0.10697674418604651,208,0.48372093023255813,0.3023255813953488
santander-1T2017,2017-04-26,173,0.37365010799136067,55,0.11879049676025918,235,0.5075593952483801,0.2548596112311015
santander-4T2014,2015-02-03,121,0.46360153256704983,42,0.16091954022988506,98,0.37547892720306514,0.30268199233716475
santander-1T2010,2010-04-29,77,0.4031413612565445,19,0.09947643979057591,95,0.4973821989528796,0.3036649214659686
santander-2T2021,2021-07-28,129,0.3782991202346041,25,0.07331378299120235,187,0.5483870967741935,0.30498533724340177
santander-1T2014,2014-04-29,91,0.3333333333333333,49,0.1794871794871795,133,0.48717948717948717,0.15384615384615385
santander-3T2020,2020-10-27,224,0.4357976653696498,50,0.09727626459143969,240,0.4669260700389105,0.33852140077821014
santander-2T2011,2011-07-27,80,0.3791469194312796,27,0.12796208530805686,104,0.4928909952606635,0.25118483412322273
santander-2T2017,2017-07-31,156,0.4785276073619632,28,0.08588957055214724,142,0.43558282208588955,0.39263803680981596
santander-2T2010,2010-07-29,84,0.2545454545454545,30,0.09090909090909091,216,0.6545454545454545,0.16363636363636364
santander-3T2016,2016-10-26,192,0.45823389021479716,37,0.0883054892601432,190,0.45346062052505964,0.36992840095465396
santander-1T2011,2011-04-28,59,0.4068965517241379,16,0.1103448275862069,70,0.4827586206896552,0.296551724137931
santander-3T2015,2015-10-29,85,0.3794642857142857,44,0.19642857142857142,95,0.42410714285714285,0.18303571428571427
santander-3T2011,2011-10-27,70,0.3482587064676617,21,0.1044776119402985,110,0.5472636815920398,0.24378109452736318
santander-2T2016,2016-07-27,126,0.34146341463414637,52,0.14092140921409213,191,0.5176151761517616,0.2005420054200542
santander-1T2015,2015-04-28,112,0.3660130718954248,52,0.16993464052287582,142,0.46405228758169936,0.19607843137254902
santander-1T2018,2018-04-25,148,0.3645320197044335,32,0.07881773399014778,226,0.5566502463054187,0.2857142857142857
santander-4T2022,2023-02-02,166,0.4356955380577428,27,0.07086614173228346,188,0.49343832020997375,0.3648293963254593
santander-3T2014,2014-11-04,120,0.44609665427509293,43,0.15985130111524162,106,0.3940520446096654,0.2862453531598513
santander-4T2019,2020-01-29,173,0.34122287968441817,49,0.09664694280078895,285,0.5621301775147929,0.2445759368836292
santander-2T2019,2019-07-23,112,0.4057971014492754,28,0.10144927536231885,136,0.4927536231884058,0.30434782608695654
santander-4T2018,2019-01-30,164,0.38317757009345793,29,0.06775700934579439,235,0.5490654205607477,0.31542056074766356
santander-3T2010,2010-10-28,100,0.5434782608695652,10,0.05434782608695652,74,0.40217391304347827,0.4891304347826087
santander-4T2016,2017-01-26,175,0.3923766816143498,39,0.08744394618834081,232,0.5201793721973094,0.30493273542600896
santander-4T2013,2014-01-30,122,0.33424657534246577,56,0.15342465753424658,187,0.5123287671232877,0.18082191780821918
santander-4T2015,2016-01-27,138,0.34673366834170855,51,0.12814070351758794,209,0.5251256281407035,0.2185929648241206
santander-3T2019,2019-10-30,117,0.37261146496815284,30,0.09554140127388536,167,0.5318471337579618,0.2770700636942675
santander-4T2010,2011-02-03,84,0.3088235294117647,28,0.10294117647058823,160,0.5882352941176471,0.20588235294117646
santander-4T2012,2013-01-31,85,0.3601694915254237,39,0.1652542372881356,112,0.4745762711864407,0.19491525423728814
santander-4T2020,2021-02-03,196,0.4083333333333333,49,0.10208333333333333,235,0.4895833333333333,0.30625
gol-3T2017,2017-11-08,127,0.44876325088339225,24,0.08480565371024736,132,0.4664310954063604,0.36395759717314485
gol-1T2016,2016-05-12,120,0.22857142857142856,108,0.2057142857142857,297,0.5657142857142857,0.022857142857142857
gol-3T2022,2022-10-31,102,0.3388704318936877,21,0.06976744186046512,178,0.5913621262458472,0.2691029900332226
gol-4T2011,4T2011,50,0.27932960893854747,24,0.1340782122905028,105,0.5865921787709497,0.1452513966480447
gol-1T2013,2013-05-14,76,0.2889733840304182,31,0.11787072243346007,156,0.5931558935361216,0.17110266159695817
gol-1T2012,2012-05-04,61,0.3279569892473118,29,0.15591397849462366,96,0.5161290322580645,0.17204301075268819
gol-1T2019,2019-04-30,61,0.28773584905660377,23,0.10849056603773585,128,0.6037735849056604,0.1792452830188679
gol-1T2020,2020-05-04,58,0.17313432835820897,46,0.1373134328358209,231,0.6895522388059702,0.03582089552238806
gol-2T2015,2T2015,124,0.3463687150837989,51,0.1424581005586592,183,0.5111731843575419,0.20391061452513967
gol-3T2018,3T2018,116,0.5296803652968036,21,0.0958904109589041,82,0.3744292237442922,0.4337899543378995
gol-2T2012,2012-08-14,109,0.3449367088607595,45,0.14240506329113925,162,0.5126582278481012,0.20253164556962025
gol-2T2022,2T2022,69,0.552,8,0.064,48,0.384,0.488
gol-2T2013,2012-11-14,120,0.3380281690140845,31,0.08732394366197183,204,0.5746478873239437,0.2507042253521127
gol-3T2013,2013-11-13,84,0.39436619718309857,18,0.08450704225352113,111,0.5211267605633803,0.30985915492957744
gol-1T2021,2021-04-29,55,0.21235521235521235,38,0.14671814671814673,166,0.640926640926641,0.06563706563706563
gol-4T2014,4T2014,124,0.38509316770186336,35,0.10869565217391304,163,0.5062111801242236,0.27639751552795033
gol-1T2010,2010-05-06,47,0.34057971014492755,14,0.10144927536231885,77,0.5579710144927537,0.2391304347826087
gol-2T2021,2021-07-29,55,0.2631578947368421,29,0.13875598086124402,125,0.5980861244019139,0.12440191387559808
gol-3T2020,2020-11-04,54,0.216,30,0.12,166,0.664,0.096
gol-2T2011,2011-08-12,68,0.27419354838709675,26,0.10483870967741936,154,0.6209677419354839,0.1693548387096774
gol-2T2017,2017-08-09,109,0.3758620689655172,30,0.10344827586206896,151,0.5206896551724138,0.27241379310344827
gol-2T2010,2010-08-10,46,0.19742489270386265,45,0.19313304721030042,142,0.6094420600858369,0.004291845493562232
gol-3T2016,2016-11-07,153,0.35172413793103446,78,0.1793103448275862,204,0.4689655172413793,0.1724137931034483
gol-1T2011,2011-05-11,90,0.3673469387755102,26,0.10612244897959183,129,0.5265306122448979,0.2612244897959184
gol-3T2015,2015-11-12,102,0.2764227642276423,61,0.16531165311653118,206,0.5582655826558266,0.1111111111111111
gol-3T2011,2011-07-11,34,0.25,9,0.0661764705882353,93,0.6838235294117647,0.18382352941176472
gol-2T2016,2016-08-16,94,0.2883435582822086,71,0.21779141104294478,161,0.4938650306748466,0.0705521472392638
gol-1T2015,2015-05-13,96,0.3380281690140845,47,0.16549295774647887,141,0.4964788732394366,0.17253521126760563
gol-2T2020,2020-07-31,78,0.21428571428571427,43,0.11813186813186813,243,0.6675824175824175,0.09615384615384616
gol-4T2022,4T2022,113,0.37919463087248323,36,0.12080536912751678,149,0.5,0.25838926174496646
gol-4T2019,2020-02-20,48,0.4444444444444444,10,0.09259259259259259,50,0.46296296296296297,0.35185185185185186
gol-2T2019,2019-08-01,101,0.2707774798927614,48,0.128686327077748,224,0.6005361930294906,0.14209115281501342
gol-4T2018,2019-02-28,75,0.38860103626943004,14,0.07253886010362694,104,0.538860103626943,0.3160621761658031
gol-3T2010,2010-11-12,45,0.3515625,12,0.09375,71,0.5546875,0.2578125
gol-4T2016,2017-02-17,175,0.43532338308457713,52,0.12935323383084577,175,0.43532338308457713,0.30597014925373134
gol-4T2015,4T2015,84,0.18666666666666668,94,0.2088888888888889,272,0.6044444444444445,-0.022222222222222223
gol-3T2019,2019-10-31,37,0.137546468401487,26,0.09665427509293681,206,0.7657992565055762,0.040892193308550186
gol-4T2010,2011-02-23,83,0.3472803347280335,29,0.12133891213389121,127,0.5313807531380753,0.22594142259414227
gol-4T2012,4T2012,83,0.3878504672897196,33,0.1542056074766355,98,0.45794392523364486,0.2336448598130841
gol-4T2020,2021-01-15,81,0.22816901408450704,52,0.14647887323943662,222,0.6253521126760564,0.08169014084507042
ccr-3T2017,2017-10-27,44,0.23036649214659685,27,0.14136125654450263,120,0.6282722513089005,0.08900523560209424
ccr-4T2021,2022-02-25,121,0.328804347826087,27,0.07336956521739131,220,0.5978260869565217,0.2554347826086957
ccr-1T2016,2016-05-11,56,0.199288256227758,43,0.15302491103202848,182,0.6476868327402135,0.046263345195729534
ccr-3T2022,2022-11-11,61,0.3177083333333333,10,0.052083333333333336,121,0.6302083333333334,0.265625
ccr-1T2013,2013-05-15,29,0.2543859649122807,9,0.07894736842105263,76,0.6666666666666666,0.17543859649122806
ccr-3T2012,2012-11-13,33,0.24087591240875914,16,0.11678832116788321,88,0.6423357664233577,0.12408759124087591
ccr-2T2018,2018-08-15,33,0.2129032258064516,26,0.16774193548387098,96,0.6193548387096774,0.04516129032258064
ccr-1T2012,2012-05-16,48,0.1568627450980392,37,0.12091503267973856,221,0.7222222222222222,0.03594771241830065
ccr-2T2014,2014-08-12,24,0.14545454545454545,31,0.18787878787878787,110,0.6666666666666666,-0.04242424242424243
ccr-1T2019,2019-04-30,52,0.18571428571428572,33,0.11785714285714285,195,0.6964285714285714,0.06785714285714285
ccr-1T2020,2020-05-15,55,0.20220588235294118,32,0.11764705882352941,185,0.6801470588235294,0.08455882352941177
ccr-2T2015,2015-08-11,39,0.16810344827586207,24,0.10344827586206896,169,0.728448275862069,0.06465517241379311
ccr-3T2018,2018-10-26,45,0.2,32,0.14222222222222222,148,0.6577777777777778,0.057777777777777775
ccr-4T2017,2018-02-23,32,0.2807017543859649,16,0.14035087719298245,66,0.5789473684210527,0.14035087719298245
ccr-2T2012,2012-08-14,69,0.16626506024096385,48,0.11566265060240964,298,0.7180722891566265,0.05060240963855422
ccr-2T2022,2022-08-12,54,0.24324324324324326,14,0.06306306306306306,154,0.6936936936936937,0.18018018018018017
ccr-1T2022,2022-05-13,51,0.30177514792899407,20,0.11834319526627218,98,0.5798816568047337,0.1834319526627219
ccr-2T2013,2013-08-13,25,0.2840909090909091,7,0.07954545454545454,56,0.6363636363636364,0.20454545454545456
ccr-3T2013,2013-10-29,29,0.2230769230769231,16,0.12307692307692308,85,0.6538461538461539,0.1
ccr-1T2021,2021-05-14,82,0.3241106719367589,27,0.1067193675889328,144,0.5691699604743083,0.21739130434782608
ccr-1T2017,2017-05-12,25,0.26881720430107525,11,0.11827956989247312,57,0.6129032258064516,0.15053763440860216
ccr-4T2014,4T2014,38,0.16964285714285715,39,0.17410714285714285,147,0.65625,-0.004464285714285714
ccr-2T2021,2021-08-13,78,0.29545454545454547,20,0.07575757575757576,166,0.6287878787878788,0.2196969696969697
ccr-1T2014,2014-05-13,37,0.27007299270072993,22,0.16058394160583941,78,0.5693430656934306,0.10948905109489052
ccr-3T2020,3T2020,51,0.2537313432835821,27,0.13432835820895522,123,0.6119402985074627,0.11940298507462686
ccr-2T2017,2017-08-15,43,0.27044025157232704,20,0.12578616352201258,96,0.6037735849056604,0.14465408805031446
ccr-3T2016,2016-11-04,36,0.17307692307692307,41,0.1971153846153846,131,0.6298076923076923,-0.02403846153846154
ccr-3T2021,2021-11-12,93,0.372,15,0.06,142,0.568,0.312
ccr-3T2015,2015-10-28,33,0.15492957746478872,25,0.11737089201877934,155,0.7276995305164319,0.03755868544600939
ccr-2T2016,2016-08-12,45,0.20930232558139536,34,0.15813953488372093,136,0.6325581395348837,0.05116279069767442
ccr-1T2015,2015-05-15,32,0.16753926701570682,29,0.1518324607329843,130,0.680628272251309,0.015706806282722512
ccr-1T2018,2018-05-11,41,0.27702702702702703,12,0.08108108108108109,95,0.6418918918918919,0.19594594594594594
ccr-2T2020,2020-08-14,55,0.24553571428571427,25,0.11160714285714286,144,0.6428571428571429,0.13392857142857142
ccr-4T2022,2023-02-16,78,0.2314540059347181,30,0.08902077151335312,229,0.6795252225519288,0.142433234421365
ccr-3T2014,2014-10-29,35,0.1794871794871795,24,0.12307692307692308,136,0.6974358974358974,0.05641025641025641
ccr-4T2019,4T2019,48,0.23529411764705882,22,0.10784313725490197,134,0.6568627450980392,0.12745098039215685
ccr-2T2019,2019-08-09,54,0.2037735849056604,22,0.0830188679245283,189,0.7132075471698113,0.12075471698113208
ccr-4T2018,4T2018,37,0.10662824207492795,47,0.13544668587896252,263,0.7579250720461095,-0.02881844380403458
ccr-4T2016,4T2016,26,0.16352201257861634,27,0.16981132075471697,106,0.6666666666666666,-0.006289308176100629
ccr-4T2013,4T2013,41,0.22162162162162163,26,0.14054054054054055,118,0.6378378378378379,0.08108108108108109
ccr-4T2015,2016-02-26,56,0.18122977346278318,45,0.14563106796116504,208,0.6731391585760518,0.03559870550161812
ccr-3T2019,2019-11-29,62,0.19935691318327975,17,0.05466237942122187,232,0.7459807073954984,0.14469453376205788
ccr-4T2012,4T2012,50,0.32679738562091504,12,0.0784313725490196,91,0.5947712418300654,0.24836601307189543
ccr-4T2020,4T2020,65,0.24714828897338403,30,0.11406844106463879,168,0.6387832699619772,0.13307984790874525
locaweb-4T2021,4T2021,219,0.4506172839506173,26,0.053497942386831275,241,0.49588477366255146,0.39711934156378603
locaweb-3T2022,3T2022,239,0.3950413223140496,28,0.04628099173553719,338,0.5586776859504132,0.3487603305785124
locaweb-2T2022,2T2022,335,0.4646324549237171,33,0.04576976421636616,353,0.4895977808599168,0.4188626907073509
locaweb-1T2022,1T2022,220,0.40293040293040294,19,0.0347985347985348,307,0.5622710622710623,0.36813186813186816
locaweb-4T2022,4T2022,268,0.48114901256732495,25,0.04488330341113106,264,0.473967684021544,0.4362657091561939
mrv_engenharia-3T2017,2017-11-08,81,0.18161434977578475,44,0.09865470852017937,321,0.7197309417040358,0.08295964125560538
mrv_engenharia-4T2021,4T2021,59,0.23694779116465864,30,0.12048192771084337,160,0.642570281124498,0.11646586345381527
mrv_engenharia-1T2016,1T2016,127,0.26458333333333334,57,0.11875,296,0.6166666666666667,0.14583333333333334
mrv_engenharia-3T2022,3T2022,112,0.22672064777327935,54,0.10931174089068826,328,0.6639676113360324,0.11740890688259109
mrv_engenharia-4T2011,4T2011,135,0.2054794520547945,79,0.1202435312024353,443,0.6742770167427702,0.0852359208523592
mrv_engenharia-1T2013,2013-05-14,84,0.19718309859154928,52,0.12206572769953052,290,0.6807511737089202,0.07511737089201878
mrv_engenharia-3T2012,2012-11-09,122,0.2378167641325536,69,0.13450292397660818,322,0.6276803118908382,0.10331384015594541
mrv_engenharia-2T2018,2T2018,56,0.14177215189873418,47,0.1189873417721519,292,0.739240506329114,0.02278481012658228
mrv_engenharia-1T2012,2012-05-15,100,0.18018018018018017,85,0.15315315315315314,370,0.6666666666666666,0.02702702702702703
mrv_engenharia-2T2014,2014-08-15,86,0.32575757575757575,29,0.10984848484848485,149,0.5643939393939394,0.2159090909090909
mrv_engenharia-1T2019,2019-05-09,79,0.19602977667493796,35,0.08684863523573201,289,0.71712158808933,0.10918114143920596
mrv_engenharia-1T2020,2020-05-20,122,0.23461538461538461,56,0.1076923076923077,342,0.6576923076923077,0.12692307692307692
mrv_engenharia-2T2015,2015-08-17,96,0.2376237623762376,35,0.08663366336633663,273,0.6757425742574258,0.15099009900990099
mrv_engenharia-3T2018,2018-11-08,57,0.1945392491467577,27,0.09215017064846416,209,0.7133105802047781,0.10238907849829351
mrv_engenharia-4T2017,4T2017,69,0.2574626865671642,11,0.041044776119402986,188,0.7014925373134329,0.21641791044776118
mrv_engenharia-2T2012,2012-08-14,82,0.271523178807947,28,0.09271523178807947,192,0.6357615894039735,0.17880794701986755
mrv_engenharia-2T2022,2T2022,63,0.2079207920792079,31,0.10231023102310231,209,0.6897689768976898,0.10561056105610561
mrv_engenharia-1T2022,1T2022,63,0.2079207920792079,31,0.10231023102310231,209,0.6897689768976898,0.10561056105610561
mrv_engenharia-2T2013,2013-08-15,110,0.20072992700729927,81,0.1478102189781022,357,0.6514598540145985,0.05291970802919708
mrv_engenharia-3T2013,2013-11-12,114,0.21189591078066913,71,0.13197026022304834,353,0.6561338289962825,0.07992565055762081
mrv_engenharia-1T2021,1T2021,110,0.22821576763485477,40,0.08298755186721991,332,0.6887966804979253,0.14522821576763487
mrv_engenharia-1T2017,2017-05-15,51,0.17832167832167833,27,0.0944055944055944,208,0.7272727272727273,0.08391608391608392
mrv_engenharia-4T2014,4T2014,93,0.22682926829268293,52,0.12682926829268293,265,0.6463414634146342,0.1
mrv_engenharia-1T2010,2010-05-07,120,0.255863539445629,56,0.11940298507462686,293,0.6247334754797441,0.13646055437100213
mrv_engenharia-2T2021,2T2021,58,0.18831168831168832,32,0.1038961038961039,218,0.7077922077922078,0.08441558441558442
mrv_engenharia-1T2014,2014-05-15,90,0.2647058823529412,60,0.17647058823529413,190,0.5588235294117647,0.08823529411764706
mrv_engenharia-3T2020,2020-11-12,133,0.28663793103448276,28,0.0603448275862069,303,0.6530172413793104,0.22629310344827586
mrv_engenharia-2T2011,2011-08-10,121,0.2216117216117216,63,0.11538461538461539,362,0.663003663003663,0.10622710622710622
mrv_engenharia-2T2017,2017-08-10,84,0.2079207920792079,46,0.11386138613861387,274,0.6782178217821783,0.09405940594059406
mrv_engenharia-2T2010,2010-08-10,136,0.2381786339754816,88,0.15411558669001751,347,0.6077057793345009,0.0840630472854641
mrv_engenharia-3T2016,3T2016,63,0.24324324324324326,17,0.06563706563706563,179,0.6911196911196911,0.1776061776061776
mrv_engenharia-1T2011,2011-05-13,77,0.24522292993630573,33,0.10509554140127389,204,0.6496815286624203,0.14012738853503184
mrv_engenharia-3T2021,3T2021,83,0.2577639751552795,33,0.10248447204968944,206,0.639751552795031,0.15527950310559005
mrv_engenharia-3T2011,2011-11-16,97,0.32550335570469796,38,0.12751677852348994,163,0.5469798657718121,0.19798657718120805
mrv_engenharia-1T2015,2015-05-13,65,0.21666666666666667,42,0.14,193,0.6433333333333333,0.07666666666666666
mrv_engenharia-1T2018,2018-05-08,64,0.17158176943699732,15,0.040214477211796246,294,0.7882037533512064,0.13136729222520108
mrv_engenharia-2T2020,2020-08-13,127,0.25349301397205587,43,0.08582834331337326,331,0.6606786427145709,0.16766467065868262
mrv_engenharia-4T2022,4T2022,130,0.23679417122040072,52,0.0947176684881603,367,0.668488160291439,0.14207650273224043
mrv_engenharia-3T2014,2014-11-13,93,0.3309608540925267,33,0.11743772241992882,155,0.5516014234875445,0.21352313167259787
mrv_engenharia-4T2019,4T2019,67,0.2392857142857143,26,0.09285714285714286,187,0.6678571428571428,0.14642857142857144
mrv_engenharia-2T2019,2019-08-09,77,0.20588235294117646,26,0.06951871657754011,271,0.7245989304812834,0.13636363636363635
mrv_engenharia-4T2018,4T2018,53,0.5096153846153846,2,0.019230769230769232,49,0.47115384615384615,0.49038461538461536
mrv_engenharia-3T2010,2010-11-11,172,0.2819672131147541,80,0.13114754098360656,358,0.5868852459016394,0.15081967213114755
mrv_engenharia-4T2013,4T2013,77,0.20923913043478262,70,0.19021739130434784,221,0.6005434782608695,0.019021739130434784
mrv_engenharia-4T2015,4T2015,80,0.20887728459530025,38,0.09921671018276762,265,0.6919060052219321,0.10966057441253264
mrv_engenharia-3T2019,2019-11-13,86,0.22994652406417113,28,0.0748663101604278,260,0.6951871657754011,0.15508021390374332
mrv_engenharia-4T2010,4T2010,132,0.26452905811623245,77,0.15430861723446893,290,0.5811623246492986,0.11022044088176353
mrv_engenharia-4T2012,4T2012,125,0.2620545073375262,81,0.16981132075471697,271,0.5681341719077568,0.09224318658280922
mrv_engenharia-4T2020,4T2020,109,0.2845953002610966,39,0.10182767624020887,235,0.6135770234986945,0.18276762402088773
itau-3T2017,2017-10-31,58,0.30526315789473685,30,0.15789473684210525,102,0.5368421052631579,0.14736842105263157
itau-4T2021,4T2021,371,0.3321396598030439,108,0.09668755595344673,638,0.5711727842435094,0.23545210384959714
itau-3T2022,3T2022,250,0.2870264064293915,100,0.1148105625717566,521,0.5981630309988519,0.17221584385763491
itau-1T2013,2013-05-02,127,0.315136476426799,58,0.14392059553349876,218,0.5409429280397022,0.17121588089330025
itau-3T2012,2012-10-24,83,0.30514705882352944,50,0.18382352941176472,139,0.5110294117647058,0.1213235294117647
itau-2T2018,2018-07-31,108,0.3385579937304075,28,0.0877742946708464,183,0.5736677115987461,0.2507836990595611
itau-2T2014,2014-08-06,109,0.3879003558718861,18,0.06405693950177936,154,0.5480427046263345,0.3238434163701068
itau-1T2019,2019-05-03,29,0.38666666666666666,10,0.13333333333333333,36,0.48,0.25333333333333335
itau-2T2015,2015-08-05,92,0.3205574912891986,42,0.14634146341463414,153,0.5331010452961672,0.17421602787456447
itau-4T2017,2018-02-06,51,0.2562814070351759,33,0.1658291457286432,115,0.5778894472361809,0.09045226130653267
itau-2T2022,2T2022,289,0.27576335877862596,124,0.1183206106870229,635,0.6059160305343512,0.15744274809160305
itau-1T2022,1T2022,248,0.25752855659397716,119,0.12357217030114226,596,0.6188992731048806,0.13395638629283488
itau-3T2013,2013-10-30,182,0.3575638506876228,45,0.08840864440078586,282,0.5540275049115914,0.2691552062868369
itau-1T2021,2021-05-04,159,0.31299212598425197,51,0.10039370078740158,298,0.5866141732283464,0.2125984251968504
itau-1T2017,2017-05-04,89,0.23482849604221637,55,0.14511873350923482,235,0.6200527704485488,0.08970976253298153
itau-2T2021,2021-08-03,139,0.32027649769585254,47,0.10829493087557604,248,0.5714285714285714,0.2119815668202765
itau-1T2014,2014-04-30,103,0.2710526315789474,45,0.11842105263157894,232,0.6105263157894737,0.15263157894736842
itau-2T2017,2T2017,82,0.3504273504273504,32,0.13675213675213677,120,0.5128205128205128,0.21367521367521367
itau-3T2021,2021-11-04,169,0.3414141414141414,58,0.11717171717171718,268,0.5414141414141415,0.22424242424242424
itau-3T2011,2011-11-03,121,0.2647702407002188,62,0.13566739606126915,274,0.5995623632385121,0.12910284463894967
itau-1T2018,2018-05-02,84,0.345679012345679,51,0.20987654320987653,108,0.4444444444444444,0.13580246913580246
itau-2T2020,2020-08-04,82,0.18850574712643678,71,0.1632183908045977,282,0.6482758620689655,0.02528735632183908
itau-4T2022,4T2022,240,0.3080872913992298,100,0.12836970474967907,439,0.5635430038510911,0.1797175866495507
itau-3T2014,2014-11-05,112,0.2731707317073171,64,0.15609756097560976,234,0.5707317073170731,0.11707317073170732
itau-4T2019,2020-02-11,95,0.33687943262411346,37,0.13120567375886524,150,0.5319148936170213,0.20567375886524822
itau-4T2018,2019-02-05,57,0.3313953488372093,22,0.12790697674418605,93,0.5406976744186046,0.20348837209302326
itau-4T2013,2014-02-05,97,0.2055084745762712,65,0.13771186440677965,310,0.6567796610169492,0.06779661016949153
itau-3T2019,2019-11-05,55,0.3125,19,0.10795454545454546,102,0.5795454545454546,0.20454545454545456
itau-4T2012,2013-02-06,79,0.22701149425287356,48,0.13793103448275862,221,0.6350574712643678,0.08908045977011494
itau-4T2020,2021-02-02,144,0.26716141001855287,66,0.12244897959183673,329,0.6103896103896104,0.14471243042671614
vale-3T2017,2017-10-26,60,0.13953488372093023,70,0.16279069767441862,300,0.6976744186046512,-0.023255813953488372
vale-4T2021,2022-02-25,116,0.29591836734693877,37,0.09438775510204081,239,0.6096938775510204,0.20153061224489796
vale-1T2016,2016-04-28,66,0.21710526315789475,55,0.18092105263157895,183,0.6019736842105263,0.03618421052631579
vale-3T2022,2022-10-28,81,0.2515527950310559,48,0.14906832298136646,193,0.5993788819875776,0.10248447204968944
vale-4T2011,2012-02-16,84,0.19134396355353075,61,0.13895216400911162,294,0.6697038724373576,0.05239179954441914
vale-1T2013,1T2013,60,0.18292682926829268,33,0.10060975609756098,235,0.7164634146341463,0.08231707317073171
vale-3T2012,3T2012,73,0.20391061452513967,51,0.1424581005586592,234,0.6536312849162011,0.061452513966480445
vale-2T2018,2018-07-26,59,0.14898989898989898,71,0.17929292929292928,266,0.6717171717171717,-0.030303030303030304
vale-1T2012,2012-04-26,77,0.21813031161473087,60,0.16997167138810199,216,0.6118980169971672,0.04815864022662889
vale-2T2014,2014-07-31,94,0.3042071197411003,33,0.10679611650485436,182,0.5889967637540453,0.19741100323624594
vale-1T2019,2019-05-10,48,0.13150684931506848,65,0.1780821917808219,252,0.6904109589041096,-0.04657534246575343
vale-3T2018,2018-10-25,56,0.17073170731707318,35,0.10670731707317073,237,0.7225609756097561,0.06402439024390244
vale-4T2017,2018-02-28,68,0.17042606516290726,52,0.13032581453634084,279,0.6992481203007519,0.040100250626566414
vale-2T2012,2T2012,55,0.1687116564417178,70,0.2147239263803681,201,0.6165644171779141,-0.046012269938650305
vale-2T2022,2022-07-29,111,0.2775,71,0.1775,218,0.545,0.1
vale-1T2022,2022-04-28,113,0.26036866359447003,46,0.10599078341013825,275,0.6336405529953917,0.1543778801843318
vale-2T2013,2T2013,67,0.18406593406593408,55,0.1510989010989011,242,0.6648351648351648,0.03296703296703297
vale-3T2013,3T2013,48,0.12698412698412698,56,0.14814814814814814,274,0.7248677248677249,-0.021164021164021163
vale-1T2021,2021-04-27,63,0.1956521739130435,52,0.16149068322981366,207,0.6428571428571429,0.034161490683229816
vale-1T2017,2017-04-27,87,0.20422535211267606,70,0.1643192488262911,269,0.6314553990610329,0.03990610328638498
vale-4T2014,2015-02-26,85,0.19721577726218098,79,0.18329466357308585,267,0.6194895591647331,0.013921113689095127
vale-2T2021,2021-07-29,65,0.22413793103448276,37,0.12758620689655173,188,0.6482758620689655,0.09655172413793103
vale-1T2014,1T2014,62,0.1884498480243161,52,0.1580547112462006,215,0.6534954407294833,0.030395136778115502
vale-2T2011,2T2011,12,0.027777777777777776,108,0.25,312,0.7222222222222222,-0.2222222222222222
vale-2T2017,2017-07-27,74,0.17289719626168223,69,0.16121495327102803,285,0.6658878504672897,0.011682242990654205
vale-3T2016,2016-10-27,70,0.18469656992084432,39,0.10290237467018469,270,0.712401055408971,0.08179419525065963
vale-1T2011,1T2011,14,0.038781163434903045,91,0.2520775623268698,256,0.7091412742382271,-0.21329639889196675
vale-3T2021,2021-10-29,90,0.23376623376623376,59,0.15324675324675324,236,0.612987012987013,0.08051948051948052
vale-3T2011,2011-10-27,62,0.15384615384615385,73,0.18114143920595532,268,0.6650124069478908,-0.02729528535980149
vale-2T2016,2016-07-28,70,0.21806853582554517,41,0.1277258566978193,210,0.6542056074766355,0.09034267912772585
vale-1T2015,2015-04-30,49,0.17192982456140352,54,0.18947368421052632,182,0.6385964912280702,-0.017543859649122806
vale-1T2018,2018-04-26,71,0.17794486215538846,71,0.17794486215538846,257,0.6441102756892231,0.0
vale-4T2022,2023-02-17,115,0.3662420382165605,22,0.07006369426751592,177,0.5636942675159236,0.2961783439490446
vale-3T2014,2014-10-30,45,0.14195583596214512,77,0.24290220820189273,195,0.6151419558359621,-0.10094637223974763
vale-4T2019,2020-02-21,59,0.16905444126074498,72,0.20630372492836677,218,0.6246418338108882,-0.03724928366762178
vale-2T2019,2T2019,98,0.23902439024390243,64,0.15609756097560976,248,0.6048780487804878,0.08292682926829269
vale-4T2018,4T2018,25,0.08503401360544217,91,0.30952380952380953,178,0.6054421768707483,-0.22448979591836735
vale-4T2016,2017-02-23,73,0.1662870159453303,75,0.17084282460136674,291,0.662870159453303,-0.004555808656036446
vale-4T2013,4T2013,80,0.26058631921824105,36,0.11726384364820847,191,0.6221498371335505,0.14332247557003258
vale-4T2015,2016-02-25,49,0.14714714714714713,66,0.1981981981981982,218,0.6546546546546547,-0.05105105105105105
vale-3T2019,2019-10-25,68,0.1894150417827298,48,0.13370473537604458,243,0.6768802228412256,0.055710306406685235
vale-4T2012,4T2012,70,0.208955223880597,50,0.14925373134328357,215,0.6417910447761194,0.05970149253731343
azul-3T2017,3T2017,20,0.04132231404958678,126,0.2603305785123967,338,0.6983471074380165,-0.2190082644628099
azul-4T2021,4T2021,20,0.03225806451612903,75,0.12096774193548387,525,0.8467741935483871,-0.08870967741935484
azul-3T2022,3T2022,14,0.02464788732394366,68,0.11971830985915492,486,0.8556338028169014,-0.09507042253521127
azul-2T2018,2T2018,12,0.02962962962962963,98,0.2419753086419753,295,0.7283950617283951,-0.2123456790123457
azul-1T2019,1T2019,13,0.03178484107579462,97,0.2371638141809291,299,0.7310513447432763,-0.20537897310513448
azul-1T2020,1T2020,13,0.024208566108007448,135,0.25139664804469275,389,0.7243947858472998,-0.2271880819366853
azul-3T2018,3T2018,11,0.02534562211981567,119,0.27419354838709675,304,0.7004608294930875,-0.2488479262672811
azul-4T2017,4T2017,116,0.41134751773049644,19,0.0673758865248227,147,0.5212765957446809,0.34397163120567376
azul-2T2022,2T2022,15,0.027726432532347505,64,0.11829944547134935,462,0.8539741219963032,-0.09057301293900184
azul-1T2022,1T2022,8,0.02622950819672131,34,0.11147540983606558,263,0.8622950819672132,-0.08524590163934426
azul-1T2021,1T2021,21,0.03414634146341464,67,0.10894308943089431,527,0.8569105691056911,-0.07479674796747968
azul-1T2017,1T2017,18,0.04285714285714286,110,0.2619047619047619,292,0.6952380952380952,-0.21904761904761905
azul-2T2021,2T2021,17,0.04047619047619048,48,0.11428571428571428,355,0.8452380952380952,-0.07380952380952381
azul-3T2020,3T2020,9,0.014950166112956811,75,0.12458471760797342,518,0.8604651162790697,-0.10963455149501661
azul-2T2017,2T2017,16,0.04395604395604396,84,0.23076923076923078,264,0.7252747252747253,-0.18681318681318682
azul-3T2021,3T2021,14,0.025408348457350273,61,0.11070780399274047,476,0.8638838475499092,-0.0852994555353902
azul-1T2018,1T2018,7,0.030303030303030304,27,0.11688311688311688,197,0.8528138528138528,-0.08658008658008658
azul-2T2020,2T2020,13,0.019726858877086494,71,0.10773899848254932,575,0.8725341426403642,-0.08801213960546282
azul-4T2022,4T2022,8,0.01762114537444934,53,0.11674008810572688,393,0.8656387665198237,-0.09911894273127753
azul-4T2019,4T2019,12,0.027972027972027972,125,0.2913752913752914,292,0.6806526806526807,-0.2634032634032634
azul-2T2019,2T2019,16,0.031007751937984496,118,0.22868217054263565,382,0.7403100775193798,-0.19767441860465115
azul-4T2018,4T2018,11,0.03514376996805112,79,0.2523961661341853,223,0.7124600638977636,-0.21725239616613418
azul-3T2019,3T2019,18,0.03991130820399113,115,0.2549889135254989,318,0.70509977827051,-0.21507760532150777
azul-4T2020,4T2020,15,0.02092050209205021,92,0.12831241283124128,610,0.8507670850767085,-0.10739191073919108
BB-3T2017,2017-11-10,83,0.2299168975069252,66,0.18282548476454294,212,0.5872576177285319,0.04709141274238227
BB-4T2021,2022-02-15,200,0.44150110375275936,20,0.04415011037527594,233,0.5143487858719646,0.3973509933774834
BB-1T2016,2016-05-13,106,0.22746781115879827,71,0.15236051502145923,289,0.6201716738197425,0.07510729613733906
BB-3T2022,3T2022,225,0.3605769230769231,26,0.041666666666666664,373,0.5977564102564102,0.3189102564102564
BB-4T2011,2012-02-15,123,0.3333333333333333,25,0.06775067750677506,221,0.5989159891598916,0.26558265582655827
BB-1T2013,1T2013,81,0.25796178343949044,57,0.18152866242038215,176,0.5605095541401274,0.07643312101910828
BB-3T2012,3T2012,168,0.23045267489711935,84,0.11522633744855967,477,0.654320987654321,0.11522633744855967
BB-2T2018,2018-08-10,82,0.27424749163879597,55,0.18394648829431437,162,0.5418060200668896,0.0903010033444816
BB-1T2012,2012-05-04,112,0.2562929061784897,44,0.10068649885583524,281,0.6430205949656751,0.15560640732265446
BB-2T2014,2T2014,112,0.3128491620111732,33,0.09217877094972067,213,0.5949720670391061,0.2206703910614525
BB-1T2019,2019-05-17,68,0.21587301587301588,45,0.14285714285714285,202,0.6412698412698413,0.07301587301587302
BB-1T2020,1T2020,75,0.16778523489932887,72,0.1610738255033557,300,0.6711409395973155,0.006711409395973154
BB-2T2015,2T2015,99,0.3113207547169811,44,0.13836477987421383,175,0.550314465408805,0.17295597484276728
BB-3T2018,3T2018,112,0.3822525597269625,41,0.13993174061433447,140,0.4778156996587031,0.24232081911262798
BB-4T2017,2018-02-23,138,0.3484848484848485,54,0.13636363636363635,204,0.5151515151515151,0.21212121212121213
BB-2T2012,2012-08-15,113,0.21772639691714837,52,0.1001926782273603,354,0.6820809248554913,0.11753371868978806
BB-2T2022,2022-08-16,210,0.43478260869565216,27,0.055900621118012424,246,0.5093167701863354,0.37888198757763975
BB-1T2022,2022-05-12,197,0.2810271041369472,63,0.0898716119828816,441,0.6291012838801712,0.19115549215406563
BB-2T2013,2T2013,120,0.33519553072625696,27,0.07541899441340782,211,0.5893854748603352,0.25977653631284914
BB-3T2013,3T2013,124,0.24603174603174602,64,0.12698412698412698,316,0.626984126984127,0.11904761904761904
BB-1T2021,1T2021,130,0.24436090225563908,53,0.09962406015037593,349,0.6560150375939849,0.14473684210526316
BB-1T2017,2017-05-12,93,0.18271119842829076,113,0.2220039292730845,303,0.5952848722986247,-0.03929273084479371
BB-4T2014,4T2014,107,0.2972222222222222,23,0.06388888888888888,230,0.6388888888888888,0.23333333333333334
BB-1T2010,2010-05-14,114,0.32571428571428573,48,0.13714285714285715,188,0.5371428571428571,0.18857142857142858
BB-2T2021,2T2021,102,0.28732394366197184,34,0.09577464788732394,219,0.6169014084507042,0.19154929577464788
BB-1T2014,1T2014,97,0.2930513595166163,31,0.09365558912386707,203,0.6132930513595166,0.19939577039274925
BB-3T2020,2020-11-13,84,0.18142548596112312,27,0.058315334773218146,352,0.7602591792656588,0.12311015118790497
BB-2T2011,2011-08-10,152,0.3470319634703196,56,0.1278538812785388,230,0.5251141552511416,0.2191780821917808
BB-2T2017,2017-08-11,103,0.27837837837837837,60,0.16216216216216217,207,0.5594594594594594,0.11621621621621622
BB-2T2010,2010-08-17,116,0.327683615819209,31,0.08757062146892655,207,0.5847457627118644,0.2401129943502825
BB-3T2016,2016-11-11,89,0.2966666666666667,43,0.14333333333333334,168,0.56,0.15333333333333332
BB-1T2011,2011-05-11,174,0.4027777777777778,24,0.05555555555555555,234,0.5416666666666666,0.3472222222222222
BB-3T2021,3T2021,148,0.34823529411764703,28,0.06588235294117648,249,0.5858823529411765,0.2823529411764706
BB-3T2015,2015-11-13,61,0.21708185053380782,34,0.12099644128113879,186,0.6619217081850534,0.09608540925266904
BB-3T2011,2011-11-04,151,0.2755474452554745,83,0.15145985401459855,314,0.572992700729927,0.12408759124087591
BB-2T2016,2016-08-12,94,0.214123006833713,73,0.1662870159453303,272,0.6195899772209568,0.04783599088838269
BB-1T2015,1T2015,81,0.23546511627906977,46,0.13372093023255813,217,0.6308139534883721,0.10174418604651163
BB-1T2018,2018-05-11,43,0.18220338983050846,43,0.18220338983050846,150,0.635593220338983,0.0
BB-2T2020,2T2020,89,0.173828125,49,0.095703125,374,0.73046875,0.078125
BB-4T2022,2023-02-14,171,0.40617577197149646,21,0.0498812351543943,229,0.5439429928741093,0.35629453681710216
BB-3T2014,3T2014,111,0.30833333333333335,31,0.08611111111111111,218,0.6055555555555555,0.2222222222222222
BB-4T2019,4T2019,84,0.2692307692307692,19,0.060897435897435896,209,0.6698717948717948,0.20833333333333334
BB-2T2019,2019-08-16,90,0.21226415094339623,41,0.09669811320754718,293,0.6910377358490566,0.11556603773584906
BB-4T2018,2019-02-22,79,0.21179624664879357,51,0.13672922252010725,243,0.6514745308310992,0.07506702412868632
BB-3T2010,2010-11-17,116,0.4444444444444444,16,0.06130268199233716,129,0.4942528735632184,0.3831417624521073
BB-4T2016,2017-02-17,134,0.23183391003460208,74,0.12802768166089964,370,0.6401384083044983,0.10380622837370242
BB-4T2013,4T2013,136,0.37158469945355194,31,0.08469945355191257,199,0.5437158469945356,0.28688524590163933
BB-4T2015,2016-02-26,80,0.2807017543859649,35,0.12280701754385964,170,0.5964912280701754,0.15789473684210525
BB-3T2019,2019-11-14,80,0.2222222222222222,43,0.11944444444444445,237,0.6583333333333333,0.10277777777777777
BB-4T2010,2011-02-18,139,0.3926553672316384,26,0.07344632768361582,189,0.5338983050847458,0.3192090395480226
BB-4T2012,2013-02-22,91,0.30952380952380953,23,0.0782312925170068,180,0.6122448979591837,0.23129251700680273
BB-4T2020,4T2020,155,0.25368248772504093,43,0.07037643207855974,413,0.6759410801963993,0.18330605564648117
petrobras-3T2017,3T2017,69,0.22115384615384615,34,0.10897435897435898,209,0.6698717948717948,0.11217948717948718
petrobras-4T2021,2022-02-24,169,0.43556701030927836,41,0.1056701030927835,178,0.4587628865979381,0.32989690721649484
petrobras-1T2016,2016-05-13,81,0.15283018867924528,87,0.1641509433962264,362,0.6830188679245283,-0.011320754716981131
petrobras-3T2022,2022-11-05,181,0.3296903460837887,42,0.07650273224043716,326,0.5938069216757741,0.25318761384335153
petrobras-4T2011,2012-02-14,110,0.22448979591836735,84,0.17142857142857143,296,0.6040816326530613,0.053061224489795916
petrobras-1T2013,2013-04-29,161,0.2927272727272727,86,0.15636363636363637,303,0.5509090909090909,0.13636363636363635
petrobras-3T2012,2012-10-29,102,0.20606060606060606,99,0.2,294,0.593939393939394,0.006060606060606061
petrobras-2T2018,2018-08-03,81,0.26384364820846906,47,0.15309446254071662,179,0.5830618892508144,0.11074918566775244
petrobras-1T2012,2012-05-17,89,0.2236180904522613,44,0.11055276381909548,265,0.6658291457286433,0.11306532663316583
petrobras-2T2014,2014-08-11,138,0.20474777448071216,78,0.11572700296735905,458,0.6795252225519288,0.08902077151335312
petrobras-1T2019,2019-05-08,141,0.21658986175115208,70,0.10752688172043011,440,0.6758832565284179,0.10906298003072197
petrobras-1T2020,2020-05-15,156,0.30115830115830117,109,0.21042471042471042,253,0.48841698841698844,0.09073359073359073
petrobras-2T2015,2015-08-07,101,0.16917922948073702,91,0.152428810720268,405,0.678391959798995,0.01675041876046901
petrobras-3T2018,2018-11-06,90,0.21686746987951808,49,0.1180722891566265,276,0.6650602409638554,0.09879518072289156
petrobras-4T2017,4T2017,80,0.24464831804281345,40,0.12232415902140673,207,0.6330275229357798,0.12232415902140673
petrobras-2T2012,2012-08-06,127,0.20550161812297735,121,0.19579288025889968,370,0.598705501618123,0.009708737864077669
petrobras-2T2022,2T2022,168,0.336,75,0.15,257,0.514,0.186
petrobras-1T2022,2022-05-06,205,0.37962962962962965,42,0.07777777777777778,293,0.5425925925925926,0.30185185185185187
petrobras-2T2013,2013-08-12,173,0.2562962962962963,95,0.14074074074074075,407,0.6029629629629629,0.11555555555555555
petrobras-3T2013,2013-10-28,139,0.20839580209895053,103,0.15442278860569716,425,0.6371814092953523,0.053973013493253376
petrobras-1T2021,2021-05-14,231,0.4502923976608187,54,0.10526315789473684,228,0.4444444444444444,0.34502923976608185
petrobras-1T2017,2017-05-12,75,0.14591439688715954,68,0.13229571984435798,371,0.7217898832684825,0.013618677042801557
petrobras-4T2014,2015-04-23,78,0.1270358306188925,66,0.10749185667752444,470,0.7654723127035831,0.019543973941368076
petrobras-2T2021,2021-08-05,177,0.38064516129032255,34,0.07311827956989247,254,0.546236559139785,0.30752688172043013
petrobras-1T2014,2014-05-12,128,0.19076005961251863,78,0.11624441132637854,465,0.6929955290611028,0.07451564828614009
petrobras-3T2020,2020-10-29,193,0.374031007751938,73,0.14147286821705427,250,0.4844961240310077,0.23255813953488372
petrobras-2T2011,2011-05-17,94,0.22065727699530516,61,0.1431924882629108,271,0.636150234741784,0.07746478873239436
petrobras-2T2017,2017-08-11,99,0.1956521739130435,59,0.116600790513834,348,0.6877470355731226,0.07905138339920949
petrobras-3T2016,2016-11-11,51,0.10365853658536585,81,0.16463414634146342,360,0.7317073170731707,-0.06097560975609756
petrobras-1T2011,2011-05-17,94,0.22065727699530516,61,0.1431924882629108,271,0.636150234741784,0.07746478873239436
petrobras-3T2021,2021-10-29,170,0.4176904176904177,53,0.13022113022113022,184,0.4520884520884521,0.28746928746928746
petrobras-3T2015,2015-11-13,68,0.13709677419354838,69,0.13911290322580644,359,0.7237903225806451,-0.0020161290322580645
petrobras-3T2011,2011-11-16,84,0.19221967963386727,104,0.2379862700228833,249,0.5697940503432495,-0.04576659038901602
petrobras-2T2016,2016-08-12,92,0.13960546282245828,77,0.11684370257966616,490,0.7435508345978755,0.02276176024279211
petrobras-1T2015,2015-05-18,73,0.12393887945670629,86,0.1460101867572156,430,0.7300509337860781,-0.022071307300509338
petrobras-1T2018,1T2018,50,0.19157088122605365,31,0.11877394636015326,180,0.6896551724137931,0.07279693486590039
petrobras-2T2020,2020-07-31,162,0.35920177383592017,87,0.19290465631929046,202,0.44789356984478934,0.1662971175166297
petrobras-4T2022,4T2022,170,0.40963855421686746,49,0.1180722891566265,196,0.472289156626506,0.29156626506024097
petrobras-3T2014,2014-11-17,72,0.13211009174311927,75,0.13761467889908258,398,0.7302752293577982,-0.005504587155963303
petrobras-4T2019,2020-02-20,108,0.20186915887850468,87,0.16261682242990655,340,0.6355140186915887,0.03925233644859813
petrobras-2T2019,2019-08-02,96,0.20125786163522014,71,0.1488469601677149,310,0.649895178197065,0.05241090146750524
petrobras-4T2018,2019-02-28,47,0.16607773851590105,34,0.12014134275618374,202,0.7137809187279152,0.045936395759717315
petrobras-4T2016,4T2016,86,0.14333333333333334,64,0.10666666666666667,450,0.75,0.03666666666666667
petrobras-4T2013,2014-02-26,227,0.3161559888579387,91,0.12674094707520892,400,0.5571030640668524,0.1894150417827298
petrobras-4T2015,4T2015,90,0.13043478260869565,117,0.16956521739130434,483,0.7,-0.0391304347826087
petrobras-3T2019,2019-10-25,134,0.28210526315789475,53,0.11157894736842106,288,0.6063157894736843,0.1705263157894737
petrobras-4T2012,2013-02-05,120,0.23300970873786409,94,0.1825242718446602,301,0.5844660194174758,0.05048543689320388
petrobras-4T2020,2021-02-25,224,0.43243243243243246,75,0.14478764478764478,219,0.42277992277992277,0.2876447876447876
